sim_id,p_msmw_w,method_label,ground_truth,phylo_value,difference,rel_diff_to_gt,rel_diff_to_est
0.05_014,0.05,Phylo - All Infections,0.00012519448745116133,7.656719621805626e-5,-4.862729123310506e-5,-0.3884139966791644,-0.6350930115635821
0.05_014,0.05,Phylo - Detected Only,0.00012519448745116133,1.010886212600895e-4,-2.410586619107183e-5,-0.19254734518942448,-0.23846270619370885
0.05_014,0.05,Phylo - High Activity Symptomatic Men,0.00012519448745116133,3.097670925993746e-4,1.8457260514821326e-4,1.47428699862057,0.595843165906984
0.05_014,0.05,Phylo - Random Subsample High Activity,0.00012519448745116133,4.196007186863431e-4,2.9440623123518176e-4,2.3515910103472435,0.7016342397050426
0.05_014,0.05,Phylo - Symptomatic Men,0.00012519448745116133,1.0761764723204545e-4,-1.7576840219115877e-5,-0.14039627923691644,-0.16332674678546585
0.05_014,0.05,Phylo - Symptomatic Only,0.00012519448745116133,8.545766611224844e-5,-3.9736821338912884e-5,-0.3174007270441066,-0.46498837549247674
0.05_016,0.05,Phylo - All Infections,2.8000487016297855e-4,1.5581014870760294e-4,-1.241947214553756e-4,-0.44354486185575026,-0.797090064322077
0.05_016,0.05,Phylo - Detected Only,2.8000487016297855e-4,1.9559455830785332e-4,-8.441031185512523e-5,-0.3014601560536918,-0.43155756778401166
0.05_016,0.05,Phylo - High Activity Symptomatic Men,2.8000487016297855e-4,4.0363594587315504e-4,1.236310757101765e-4,0.44153187634992297,0.30629352260174636
0.05_016,0.05,Phylo - Random Subsample High Activity,2.8000487016297855e-4,0.0014011698698396793,0.0011211649996767008,4.004091068216492,0.8001635089434114
0.05_016,0.05,Phylo - Symptomatic Men,2.8000487016297855e-4,1.9425703615330876e-4,-8.574783400966979e-5,-0.3062369378066879,-0.44141430193548875
0.05_016,0.05,Phylo - Symptomatic Only,2.8000487016297855e-4,1.65180244524191e-4,-1.1482462563878755e-4,-0.4100808159942117,-0.6951474491973598
0.05_027,0.05,Phylo - All Infections,2.1654777462492612e-4,1.7896188632800716e-4,-3.758588829691896e-5,-0.17356857331838205,-0.21002174858634604
0.05_027,0.05,Phylo - Detected Only,2.1654777462492612e-4,2.2509343100712958e-4,8.545656382203466e-6,0.03946314570539947,0.037964930135756796
0.05_027,0.05,Phylo - High Activity Symptomatic Men,2.1654777462492612e-4,4.633929210650838e-4,2.4684514644015773e-4,1.13991079736427,0.5326908013026987
0.05_027,0.05,Phylo - Random Subsample High Activity,2.1654777462492612e-4,7.421550094517912e-4,5.256072348268651e-4,2.4272114351544305,0.7082175935390049
0.05_027,0.05,Phylo - Symptomatic Men,2.1654777462492612e-4,2.567428410205414e-4,4.01950663956153e-5,0.18561754543650053,0.1565576910960465
0.05_027,0.05,Phylo - Symptomatic Only,2.1654777462492612e-4,1.963157957456904e-4,-2.023197887923573e-5,-0.09342963193354789,-0.10305833416198691
0.05_034,0.05,Phylo - All Infections,2.4964933789834885e-4,1.947960962964824e-4,-5.485324160186644e-5,-0.219721157939547,-0.2815931255541129
0.05_034,0.05,Phylo - Detected Only,2.4964933789834885e-4,2.3167269758330025e-4,-1.79766403150486e-5,-0.07200756255307296,-0.07759498854449572
0.05_034,0.05,Phylo - High Activity Symptomatic Men,2.4964933789834885e-4,5.294807850991414e-4,2.798314472007926e-4,1.1208980146173397,0.5285016096446186
0.05_034,0.05,Phylo - Random Subsample High Activity,2.4964933789834885e-4,5.200530772256299e-4,2.7040373932728104e-4,1.0831342137882332,0.5199541184715726
0.05_034,0.05,Phylo - Symptomatic Men,2.4964933789834885e-4,2.5539657174934954e-4,5.747233851000695e-6,0.023021226090096138,0.022503175401434622
0.05_034,0.05,Phylo - Symptomatic Only,2.4964933789834885e-4,1.9385633087619716e-4,-5.5793007022151685e-5,-0.22348549966861617,-0.287805957999808
0.05_048,0.05,Phylo - All Infections,2.940227898641518e-4,1.8594915532503704e-4,-1.0807363453911475e-4,-0.36756890372017875,-0.5811999218291863
0.05_048,0.05,Phylo - Detected Only,2.940227898641518e-4,2.1873470618764625e-4,-7.528808367650555e-5,-0.2560620682202598,-0.3441981612735843
0.05_048,0.05,Phylo - High Activity Symptomatic Men,2.940227898641518e-4,3.925389130399149e-4,9.851612317576309e-5,0.33506288142249374,0.25097161046488553
0.05_048,0.05,Phylo - Random Subsample High Activity,2.940227898641518e-4,6.405067034083126e-4,3.464839135441608e-4,1.178425365272698,0.5409528295339057
0.05_048,0.05,Phylo - Symptomatic Men,2.940227898641518e-4,1.8776020818478048e-4,-1.0626258167937132e-4,-0.36140933744784925,-0.5659483588492569
0.05_048,0.05,Phylo - Symptomatic Only,2.940227898641518e-4,1.8579371741560797e-4,-1.0822907244854382e-4,-0.368097563112537,-0.5825227782403574
0.05_052,0.05,Phylo - All Infections,1.8350662581006845e-4,1.5250323006784226e-4,-3.1003395742226195e-5,-0.16894973467778257,-0.2032966497065937
0.05_052,0.05,Phylo - Detected Only,1.8350662581006845e-4,2.381503776319984e-4,5.464375182192993e-5,0.2977753614111289,0.22945062008832137
0.05_052,0.05,Phylo - High Activity Symptomatic Men,1.8350662581006845e-4,5.104265181794775e-4,3.269198923694091e-4,1.7815154680451435,0.6404837537348651
0.05_052,0.05,Phylo - Random Subsample High Activity,1.8350662581006845e-4,0.00109052240913805,9.070157833279816e-4,4.942686833917124,0.8317259468742947
0.05_052,0.05,Phylo - Symptomatic Men,1.8350662581006845e-4,3.102773153382004e-4,1.2677068952813195e-4,0.6908235000699164,0.4085722135050468
0.05_052,0.05,Phylo - Symptomatic Only,1.8350662581006845e-4,1.9723802470782937e-4,1.3731398897760913e-5,0.07482780982509632,0.06961841621614985
0.05_056,0.05,Phylo - All Infections,3.8588620029904e-4,2.63888585516425e-4,-1.21997614782615e-4,-0.3161492032834389,-0.4623072822337804
0.05_056,0.05,Phylo - Detected Only,3.8588620029904e-4,3.510863706818256e-4,-3.479982961721441e-5,-0.0901815861522037,-0.09912042313015902
0.05_056,0.05,Phylo - High Activity Symptomatic Men,3.8588620029904e-4,6.886349652886873e-4,3.0274876498964735e-4,0.7845545260624355,0.4396360630086943
0.05_056,0.05,Phylo - Random Subsample High Activity,3.8588620029904e-4,5.206828922515481e-4,1.347966919525081e-4,0.34931721281571687,0.25888442650692317
0.05_056,0.05,Phylo - Symptomatic Men,3.8588620029904e-4,3.5852067719225207e-4,-2.7365523106787928e-5,-0.07091604490023534,-0.07632899536255623
0.05_056,0.05,Phylo - Symptomatic Only,3.8588620029904e-4,3.331976235165878e-4,-5.268857678245221e-5,-0.13653915776625736,-0.15813010977201397
0.05_072,0.05,Phylo - All Infections,2.1339271449002963e-4,1.551534691425391e-4,-5.823924534749053e-5,-0.27292049537244933,-0.3753654086457215
0.05_072,0.05,Phylo - Detected Only,2.1339271449002963e-4,2.283846015212684e-4,1.4991887031238777e-5,0.07025491506149449,0.06564316040301277
0.05_072,0.05,Phylo - High Activity Symptomatic Men,2.1339271449002963e-4,5.602583554045403e-4,3.468656409145107e-4,1.625480240707643,0.6191173010959431
0.05_072,0.05,Phylo - Random Subsample High Activity,2.1339271449002963e-4,0.0012188525463584063,0.0010054598318683767,4.711781441420086,0.8249232730180628
0.05_072,0.05,Phylo - Symptomatic Men,2.1339271449002963e-4,2.399795223510936e-4,2.6586807861063953e-5,0.12459098205204269,0.11078781889634341
0.05_072,0.05,Phylo - Symptomatic Only,2.1339271449002963e-4,1.9076941781492974e-4,-2.2623296675099895e-5,-0.10601719336653795,-0.11858974532829644
0.05_077,0.05,Phylo - All Infections,2.157475909573856e-4,1.5511886884256282e-4,-6.062872211482279e-5,-0.2810169135413343,-0.39085330216247016
0.05_077,0.05,Phylo - Detected Only,2.157475909573856e-4,2.2580310446925817e-4,1.0055513511872562e-5,0.046607767286072375,0.04453221994227083
0.05_077,0.05,Phylo - High Activity Symptomatic Men,2.157475909573856e-4,5.159431945781384e-4,3.0019560362075273e-4,1.3914204199853488,0.5818384790717281
0.05_077,0.05,Phylo - Random Subsample High Activity,2.157475909573856e-4,9.04586402402273e-4,6.888388114448874e-4,3.192799550568083,0.76149587216386
0.05_077,0.05,Phylo - Symptomatic Men,2.157475909573856e-4,2.4294904532987577e-4,2.7201454372490153e-5,0.12607999121465496,0.11196361910192348
0.05_077,0.05,Phylo - Symptomatic Only,2.157475909573856e-4,2.0357845522063822e-4,-1.2169135736747388e-5,-0.05640450344194588,-0.05977614735094873
0.05_088,0.05,Phylo - All Infections,1.5379759444307837e-4,1.270401614485823e-4,-2.675743299449608e-5,-0.17397822827716078,-0.2106218434343361
0.05_088,0.05,Phylo - Detected Only,1.5379759444307837e-4,1.6732772439664715e-4,1.3530129953568781e-5,0.08797361234786011,0.08086006071232922
0.05_088,0.05,Phylo - High Activity Symptomatic Men,1.5379759444307837e-4,3.79652262510584e-4,2.258546680675056e-4,1.4685188600339005,0.5948987807262421
0.05_088,0.05,Phylo - Random Subsample High Activity,1.5379759444307837e-4,5.371133734782039e-4,3.833157790351255e-4,2.4923392360144714,0.7136589739943991
0.05_088,0.05,Phylo - Symptomatic Men,1.5379759444307837e-4,1.9542134617740855e-4,4.1623751734330184e-5,0.27063980997268094,0.21299490843002927
0.05_088,0.05,Phylo - Symptomatic Only,1.5379759444307837e-4,0.00013992122231994594,-1.3876372123132426e-5,-0.09022489703678802,-0.09917274801532613
0.25_007,0.25,Phylo - All Infections,0.002154148578493111,0.0017522666077368207,-4.018819707562902e-4,-0.18656186243077916,-0.22934978557592325
0.25_007,0.25,Phylo - Detected Only,0.002154148578493111,0.0023782320091328456,2.2408343063973473e-4,0.10402412947601208,0.09422269559034332
0.25_007,0.25,Phylo - High Activity Symptomatic Men,0.002154148578493111,0.003965756712027159,0.0018116081335340485,0.8409856922688781,0.4568127258134341
0.25_007,0.25,Phylo - Random Subsample High Activity,0.002154148578493111,0.005217100278248686,0.003062951699755575,1.4218850688090412,0.5870984908083402
0.25_007,0.25,Phylo - Symptomatic Men,0.002154148578493111,0.002399751136919129,2.4560255842601825e-4,0.11401375043397625,0.10234501180040277
0.25_007,0.25,Phylo - Symptomatic Only,0.002154148578493111,0.002103273411938469,-5.0875166554641745e-5,-0.023617296904482974,-0.0241885654360804
0.25_014,0.25,Phylo - All Infections,0.001107389451937959,9.275228518767756e-4,-1.7986660006118335e-4,-0.1624239780742108,-0.1939214755703714
0.25_014,0.25,Phylo - Detected Only,0.001107389451937959,0.0012580226053648135,1.5063315342685461e-4,0.13602545442639252,0.11973803394667344
0.25_014,0.25,Phylo - High Activity Symptomatic Men,0.001107389451937959,0.002921867134947141,0.001814477683009182,1.6385181201011092,0.6209993812884333
0.25_014,0.25,Phylo - Random Subsample High Activity,0.001107389451937959,0.003249889579041328,0.002142500127103369,1.9347304810913095,0.6592532069152258
0.25_014,0.25,Phylo - Symptomatic Men,0.001107389451937959,0.0013943281429930484,2.869386910550895e-4,0.25911271825186677,0.20578993007998123
0.25_014,0.25,Phylo - Symptomatic Only,0.001107389451937959,0.0010836457020639988,-2.3743749873960133e-5,-0.021441192014614176,-0.021910989753141527
0.25_016,0.25,Phylo - All Infections,0.0013218382637409565,0.0010413859006388503,-2.8045236310210615e-4,-0.21216844056881304,-0.2693068563056782
0.25_016,0.25,Phylo - Detected Only,0.0013218382637409565,0.0013723041109079705,5.046584716701403e-5,0.038178534054680635,0.03677453617305266
0.25_016,0.25,Phylo - High Activity Symptomatic Men,0.0013218382637409565,0.003072519731106963,0.0017506814673660064,1.3244294066744395,0.569786891729829
0.25_016,0.25,Phylo - Random Subsample High Activity,0.0013218382637409565,0.00539985050437168,0.0040780122406307235,3.085106818658338,0.7552083594405427
0.25_016,0.25,Phylo - Symptomatic Men,0.0013218382637409565,0.0015245498354637239,2.0271157172276739e-4,0.15335580553483902,0.1329648706833571
0.25_016,0.25,Phylo - Symptomatic Only,0.0013218382637409565,0.0012250514715123227,-9.678679222863379e-5,-0.07322135762261556,-0.07900630665677318
0.25_030,0.25,Phylo - All Infections,0.0015799127478295341,0.0013239118682648757,-2.5600087956465845e-4,-0.16203482117373222,-0.19336701007157997
0.25_030,0.25,Phylo - Detected Only,0.0015799127478295341,0.0019184112965250576,3.384985486955235e-4,0.2142514193651193,0.17644732873949803
0.25_030,0.25,Phylo - High Activity Symptomatic Men,0.0015799127478295341,0.004036561079502676,0.002456648331673142,1.554926583792717,0.6085993208792998
0.25_030,0.25,Phylo - Random Subsample High Activity,0.0015799127478295341,0.004370414435851667,0.0027905016880221327,1.7662378456377996,0.6384981856939947
0.25_030,0.25,Phylo - Symptomatic Men,0.0015799127478295341,0.002078104832057133,4.98192084227599e-4,0.31532885908542074,0.23973385583942586
0.25_030,0.25,Phylo - Symptomatic Only,0.0015799127478295341,0.0016366439937903076,5.673124596077342e-5,0.03590783480841594,0.034663155931296576
0.25_047,0.25,Phylo - All Infections,0.00269418449595632,0.0022234116985166146,-4.7077279743970536e-4,-0.1747366589579461,-0.2117344249622277
0.25_047,0.25,Phylo - Detected Only,0.00269418449595632,0.0029080641455530945,2.1387964959677453e-4,0.07938567307390595,0.07354708799110621
0.25_047,0.25,Phylo - High Activity Symptomatic Men,0.00269418449595632,0.0057057977308629755,0.0030116132349066555,1.1178199709139303,0.5278163329584351
0.25_047,0.25,Phylo - Random Subsample High Activity,0.00269418449595632,0.006667579898288413,0.003973395402332093,1.4748044940113532,0.5959276773499295
0.25_047,0.25,Phylo - Symptomatic Men,0.00269418449595632,0.002972462711087895,2.782782151315752e-4,0.10328847766336742,0.09361874047857367
0.25_047,0.25,Phylo - Symptomatic Only,0.00269418449595632,0.002567040701616361,-1.2714379433995896e-4,-0.04719194046687897,-0.04952932544462645
0.25_061,0.25,Phylo - All Infections,0.001880978157260919,0.0015146250377563023,-3.6635311950461674e-4,-0.19476734383673028,-0.24187710513970892
0.25_061,0.25,Phylo - Detected Only,0.001880978157260919,0.00210214866730272,2.211705100418008e-4,0.1175827104573449,0.10521164058562332
0.25_061,0.25,Phylo - High Activity Symptomatic Men,0.001880978157260919,0.0046145999779143385,0.0027336218206534197,1.4532980141747742,0.5923854361670879
0.25_061,0.25,Phylo - Random Subsample High Activity,0.001880978157260919,0.0058238755731047755,0.003942897415843857,2.0961952166342566,0.6770229491255859
0.25_061,0.25,Phylo - Symptomatic Men,0.001880978157260919,0.00234402088044217,4.630427231812511e-4,0.24617123882795855,0.19754206417047954
0.25_061,0.25,Phylo - Symptomatic Only,0.001880978157260919,0.0017639452333383576,-1.1703292392256149e-4,-0.062219182860148076,-0.06634725484139359
0.25_062,0.25,Phylo - All Infections,0.002638977856851027,0.002155675983836939,-4.833018730140879e-4,-0.18313979852441437,-0.2241996833651444
0.25_062,0.25,Phylo - Detected Only,0.002638977856851027,0.002873223265458687,2.3424540860765997e-4,0.08876368856204593,0.08152704714030101
0.25_062,0.25,Phylo - High Activity Symptomatic Men,0.002638977856851027,0.0047837766470206055,0.0021447987901695785,0.8127384565207644,0.44834843857214474
0.25_062,0.25,Phylo - Random Subsample High Activity,0.002638977856851027,0.00435973954605322,0.0017207616892021926,0.6520561302683683,0.39469369007604177
0.25_062,0.25,Phylo - Symptomatic Men,0.002638977856851027,0.002900090486047257,2.611126291962298e-4,0.09894460785957625,0.09003602834203946
0.25_062,0.25,Phylo - Symptomatic Only,0.002638977856851027,0.0024435861098219855,-1.9539174702904154e-4,-0.0740406921269865,-0.07996106470063205
0.25_069,0.25,Phylo - All Infections,0.0015627934364531022,0.0012948836657081352,-2.6790977074496697e-4,-0.17143005882659187,-0.20689871827092257
0.25_069,0.25,Phylo - Detected Only,0.0015627934364531022,0.001565697186810175,2.903750357072764e-6,0.0018580512877396527,0.0018546053359070219
0.25_069,0.25,Phylo - High Activity Symptomatic Men,0.0015627934364531022,0.0035629885380701618,0.0020001951016170596,1.2798845035826867,0.5613812899607122
0.25_069,0.25,Phylo - Random Subsample High Activity,0.0015627934364531022,0.005467773513841582,0.0039049800773884795,2.4987179919639138,0.7141810222210346
0.25_069,0.25,Phylo - Symptomatic Men,0.0015627934364531022,0.0018440050952077053,2.8121165875460313e-4,0.1799416686781318,0.15250047816322762
0.25_069,0.25,Phylo - Symptomatic Only,0.0015627934364531022,0.0014073290575554866,-1.5546437889761566e-4,-0.09947852049497713,-0.11046768206978928
0.25_071,0.25,Phylo - All Infections,0.0019204129779805282,0.0014023447521279418,-5.180682258525864e-4,-0.2697691755850232,-0.3694300029051065
0.25_071,0.25,Phylo - Detected Only,0.0019204129779805282,0.0019592827094631025,3.886973148257435e-5,0.02024029827347296,0.01983875593595461
0.25_071,0.25,Phylo - High Activity Symptomatic Men,0.0019204129779805282,0.0036617313327604764,0.0017413183547799482,0.9067416096151815,0.4755450896139934
0.25_071,0.25,Phylo - Random Subsample High Activity,0.0019204129779805282,0.005478532999133111,0.003558120021152583,1.85278898963401,0.649465837244313
0.25_071,0.25,Phylo - Symptomatic Men,0.0019204129779805282,0.001808864708281879,-1.115482696986492e-4,-0.058085563354165294,-0.061667558213682847
0.25_071,0.25,Phylo - Symptomatic Only,0.0019204129779805282,0.001665469497540777,-2.5494348043975123e-4,-0.13275450820367046,-0.15307604301141473
0.25_094,0.25,Phylo - All Infections,0.002659565908412404,0.0018980444278357787,-7.615214805766252e-4,-0.28633299824150865,-0.4012137278814598
0.25_094,0.25,Phylo - Detected Only,0.002659565908412404,0.0022894941928572545,-3.7007171555514945e-4,-0.1391474128859094,-0.16163907150745183
0.25_094,0.25,Phylo - High Activity Symptomatic Men,0.002659565908412404,0.0031177635876232694,4.5819767921086553e-4,0.1722828818648759,0.1469635738353588
0.25_094,0.25,Phylo - Random Subsample High Activity,0.002659565908412404,0.006696348394843379,0.0040367824864309745,1.517835099954595,0.6028334023868229
0.25_094,0.25,Phylo - Symptomatic Men,0.002659565908412404,0.002103621813641918,-5.559440947704858e-4,-0.2090356524017673,-0.26427948748449304
0.25_094,0.25,Phylo - Symptomatic Only,0.002659565908412404,0.001949876688473844,-7.096892199385599e-4,-0.26684400551750204,-0.36396620572659344
0.5_009,0.5,Phylo - All Infections,0.001791046112296002,0.001544622151652976,-2.46423960643026e-4,-0.13758660871501902,-0.15953672578068082
0.5_009,0.5,Phylo - Detected Only,0.001791046112296002,0.0022784413012378792,4.873951889418772e-4,0.2721287774757898,0.21391606124637705
0.5_009,0.5,Phylo - High Activity Symptomatic Men,0.001791046112296002,0.004354916089250601,0.002563869976954599,1.431493002526824,0.5887300522926476
0.5_009,0.5,Phylo - Random Subsample High Activity,0.001791046112296002,0.008746202565338384,0.006955156453042382,3.883292789221565,0.7952201428087199
0.5_009,0.5,Phylo - Symptomatic Men,0.001791046112296002,0.0020649072703201126,2.7386115802411053e-4,0.15290569915759383,0.1326263711501462
0.5_009,0.5,Phylo - Symptomatic Only,0.001791046112296002,0.0017663267000441333,-2.4719412251868796e-5,-0.013801661544146485,-0.013994813219576628
0.5_017,0.5,Phylo - All Infections,0.0031405197484138856,0.0023724656509576617,-7.680540974562239e-4,-0.24456273451046703,-0.3237366564806507
0.5_017,0.5,Phylo - Detected Only,0.0031405197484138856,0.003059679497460774,-8.084025095311158e-5,-0.02574104206602739,-0.02642114999959991
0.5_017,0.5,Phylo - High Activity Symptomatic Men,0.0031405197484138856,0.004812638458204376,0.00167211870979049,0.5324337510168471,0.34744324226972323
0.5_017,0.5,Phylo - Random Subsample High Activity,0.0031405197484138856,0.005325868246124918,0.0021853484977110327,0.6958556776516815,0.41032717985486855
0.5_017,0.5,Phylo - Symptomatic Men,0.0031405197484138856,0.0029697587456574796,-1.7076100275640596e-4,-0.05437348478469162,-0.05749995786900222
0.5_017,0.5,Phylo - Symptomatic Only,0.0031405197484138856,0.002696645690584768,-4.438740578291177e-4,-0.14133776998323147,-0.16460229068241575
0.5_026,0.5,Phylo - All Infections,0.0013476818617014757,0.0011009365142486266,-2.467453474528491e-4,-0.18308872031662435,-0.22412313903608624
0.5_026,0.5,Phylo - Detected Only,0.0013476818617014757,0.001630190974479394,2.825091127779183e-4,0.2096259664882963,0.17329817009208898
0.5_026,0.5,Phylo - High Activity Symptomatic Men,0.0013476818617014757,0.003674008497402871,0.0023263266357013953,1.7261689882539197,0.6331848816751127
0.5_026,0.5,Phylo - Random Subsample High Activity,0.0013476818617014757,0.00558186230745671,0.0042341804457552345,3.14182491141455,0.7585605327632086
0.5_026,0.5,Phylo - Symptomatic Men,0.0013476818617014757,0.0016121126140089728,2.644307523074971e-4,0.1962115539446735,0.1640274693031
0.5_026,0.5,Phylo - Symptomatic Only,0.0013476818617014757,0.0013850890809243832,3.740721922290756e-5,0.02775671342469519,0.02700708549225055
0.5_037,0.5,Phylo - All Infections,0.0021384462073111097,0.0018668673372884738,-2.7157887002263593e-4,-0.12699822380106546,-0.14547304170905356
0.5_037,0.5,Phylo - Detected Only,0.0021384462073111097,0.0024390508093305257,3.00604602019416e-4,0.140571505138489,0.1232465518428156
0.5_037,0.5,Phylo - High Activity Symptomatic Men,0.0021384462073111097,0.004811511267500261,0.002673065060189151,1.2500034141846725,0.5555562299613811
0.5_037,0.5,Phylo - Random Subsample High Activity,0.0021384462073111097,0.007329377325394393,0.005190931118083283,2.427431235041624,0.708236305435941
0.5_037,0.5,Phylo - Symptomatic Men,0.0021384462073111097,0.002666346506826919,5.279002995158093e-4,0.24686162210252327,0.1979863825516197
0.5_037,0.5,Phylo - Symptomatic Only,0.0021384462073111097,0.002105855446311155,-3.259076099995477e-5,-0.015240393182924397,-0.01547625743117567
0.5_046,0.5,Phylo - All Infections,0.004373463526229227,0.00327415374440875,-0.001099309781820477,-0.25135908307626725,-0.3357538673001415
0.5_046,0.5,Phylo - Detected Only,0.004373463526229227,0.004151370862839262,-2.220926633899646e-4,-0.050781871635145776,-0.053498632313969646
0.5_046,0.5,Phylo - High Activity Symptomatic Men,0.004373463526229227,0.006479215186085068,0.0021057516598558413,0.4814837593195632,0.32500103783838025
0.5_046,0.5,Phylo - Random Subsample High Activity,0.004373463526229227,0.008796074173211101,0.004422610646981874,1.0112375741692812,0.5027936963573094
0.5_046,0.5,Phylo - Symptomatic Men,0.004373463526229227,0.00401770096851421,-3.557625577150173e-4,-0.08134572417979065,-0.08854878959460795
0.5_046,0.5,Phylo - Symptomatic Only,0.004373463526229227,0.0035132181884384816,-8.602453377907454e-4,-0.19669658444195226,-0.24485963912565825
0.5_060,0.5,Phylo - All Infections,0.002600390219749577,0.001837346623444214,-7.630435963053633e-4,-0.29343426633055325,-0.4152964860136153
0.5_060,0.5,Phylo - Detected Only,0.002600390219749577,0.0026493181705688432,4.892795081926603e-5,0.01881561868971261,0.018468129408843542
0.5_060,0.5,Phylo - High Activity Symptomatic Men,0.002600390219749577,0.0062547911753548045,0.0036544009556052272,1.4053279111152608,0.5842562690189143
0.5_060,0.5,Phylo - Random Subsample High Activity,0.002600390219749577,0.008310264875337465,0.005709874655587888,2.1957760847669086,0.6870869630802255
0.5_060,0.5,Phylo - Symptomatic Men,0.002600390219749577,0.0027841362944306925,1.8374607468111528e-4,0.0706609620685354,0.06599751421964353
0.5_060,0.5,Phylo - Symptomatic Only,0.002600390219749577,0.002274006867368225,-3.2638335238135236e-4,-0.12551322101679946,-0.14352786575314325
0.5_061,0.5,Phylo - All Infections,0.004205510916538399,0.0032945047049846013,-9.110062115537977e-4,-0.21662200613276655,-0.2765229657057223
0.5_061,0.5,Phylo - Detected Only,0.004205510916538399,0.004202654514380114,-2.8564021582848376e-6,-6.79204552068069e-4,-6.796661844344236e-4
0.5_061,0.5,Phylo - High Activity Symptomatic Men,0.004205510916538399,0.0074682957070619565,0.0032627847905235575,0.7758355299215798,0.4368847885118282
0.5_061,0.5,Phylo - Random Subsample High Activity,0.004205510916538399,0.007170426632801345,0.002964915716262946,0.7050072571689815,0.41349223248444444
0.5_061,0.5,Phylo - Symptomatic Men,0.004205510916538399,0.004078416377845831,-1.2709453869256832e-4,-0.030220950846367365,-0.03116271780952834
0.5_061,0.5,Phylo - Symptomatic Only,0.004205510916538399,0.0035683218840456363,-6.371890324927626e-4,-0.1515128708825799,-0.17856826071148615
0.5_066,0.5,Phylo - All Infections,0.0028883707560686932,0.0023017834322780146,-5.865873237906787e-4,-0.20308588243327585,-0.2548403622881883
0.5_066,0.5,Phylo - Detected Only,0.0028883707560686932,0.0031082858421497685,2.199150860810752e-4,0.07613810852329687,0.07075124272643356
0.5_066,0.5,Phylo - High Activity Symptomatic Men,0.0028883707560686932,0.0067614188585274956,0.0038730481024588023,1.340910994310971,0.5728158813255767
0.5_066,0.5,Phylo - Random Subsample High Activity,0.0028883707560686932,0.008603939082646785,0.005715568326578092,1.9788208679821435,0.6642966984861358
0.5_066,0.5,Phylo - Symptomatic Men,0.0028883707560686932,0.0035854244645211527,6.970537084524595e-4,0.2413311057757717,0.19441316233266503
0.5_066,0.5,Phylo - Symptomatic Only,0.0028883707560686932,0.002755818892071744,-1.3255186399694936e-4,-0.045891568358545215,-0.04809890242725666
0.5_067,0.5,Phylo - All Infections,0.003638893443319736,0.003087471776629529,-5.514216666902072e-4,-0.15153553553553611,-0.17859974327997663
0.5_067,0.5,Phylo - Detected Only,0.003638893443319736,0.004201153568402404,5.622601250826679e-4,0.15451403945747916,0.13383469942910983
0.5_067,0.5,Phylo - High Activity Symptomatic Men,0.003638893443319736,0.009371470321410088,0.005732576878090352,1.5753626665309999,0.6117051734127238
0.5_067,0.5,Phylo - Random Subsample High Activity,0.003638893443319736,0.00901381946102079,0.0053749260177010545,1.4770770569191354,0.5962983883740177
0.5_067,0.5,Phylo - Symptomatic Men,0.003638893443319736,0.004327588385479493,6.88694942159757e-4,0.18925944188447177,0.15914058381119583
0.5_067,0.5,Phylo - Symptomatic Only,0.003638893443319736,0.0036809846332707436,4.209118995100736e-5,0.011567030089402087,0.011434763832091082
0.5_090,0.5,Phylo - All Infections,0.001684412872654599,0.001457147168566445,-2.2726570408815381e-4,-0.13492280175346077,-0.15596619819241725
0.5_090,0.5,Phylo - Detected Only,0.001684412872654599,0.001787425157593756,1.030122849391571e-4,0.06115619668520576,0.05763166334630366
0.5_090,0.5,Phylo - High Activity Symptomatic Men,0.001684412872654599,0.004027543406587791,0.002343130533933192,1.391066627412119,0.5817766060821515
0.5_090,0.5,Phylo - Random Subsample High Activity,0.001684412872654599,0.00825179418466803,0.006567381312013431,3.8989142262154397,0.7958731355922247
0.5_090,0.5,Phylo - Symptomatic Men,0.001684412872654599,0.0020300398530096755,3.4562698035507655e-4,0.2051913672509376,0.1702562537590878
0.5_090,0.5,Phylo - Symptomatic Only,0.001684412872654599,0.0015558584931295236,-1.2855437952507534e-4,-0.07631999351944893,-0.08262601007273823
0.75_022,0.75,Phylo - All Infections,0.0018494267813745752,0.001578741055618945,-2.706857257556302e-4,-0.14636195846285122,-0.17145669632915697
0.75_022,0.75,Phylo - Detected Only,0.0018494267813745752,0.002121270020507685,2.718432391331099e-4,0.14698783529622303,0.1281511719418207
0.75_022,0.75,Phylo - High Activity Symptomatic Men,0.0018494267813745752,0.004943824697230537,0.0030943979158559614,1.6731659490493962,0.6259117394654793
0.75_022,0.75,Phylo - Random Subsample High Activity,0.0018494267813745752,0.007415419501133782,0.005565992719759208,3.0095772245832393,0.7505971467842371
0.75_022,0.75,Phylo - Symptomatic Men,0.0018494267813745752,0.0025219980524763324,6.725712711017572e-4,0.36366471918497506,0.26668191533350477
0.75_022,0.75,Phylo - Symptomatic Only,0.0018494267813745752,0.0018513905476500575,1.963766275482311e-6,0.0010618242880763053,0.001060698013163614
0.75_035,0.75,Phylo - All Infections,0.0030298142624065514,0.002233625529491535,-7.961887329150162e-4,-0.2627846672959455,-0.3564557811515798
0.75_035,0.75,Phylo - Detected Only,0.0030298142624065514,0.0029783273289173805,-5.148693348917084e-5,-0.01699342897946334,-0.017287197746624544
0.75_035,0.75,Phylo - High Activity Symptomatic Men,0.0030298142624065514,0.006319497656459905,0.0032896833940533536,1.0857706476833304,0.5205609010220266
0.75_035,0.75,Phylo - Random Subsample High Activity,0.0030298142624065514,0.0070774913837118375,0.0040476771213052865,1.335948929783655,0.5719084491746079
0.75_035,0.75,Phylo - Symptomatic Men,0.0030298142624065514,0.0033383212749522636,3.0850701254571226e-4,0.10182373763752377,0.09241381734600237
0.75_035,0.75,Phylo - Symptomatic Only,0.0030298142624065514,0.0026381184898843515,-3.916957725221999e-4,-0.12928045701754665,-0.1484754282357389
0.75_039,0.75,Phylo - All Infections,0.0018765166309580594,0.0012577025242359221,-6.188141067221373e-4,-0.32976745130481494,-0.49201945197500374
0.75_039,0.75,Phylo - Detected Only,0.0018765166309580594,0.0016806832522083968,-1.9583337874966257e-4,-0.10436005496507614,-0.11652009888974615
0.75_039,0.75,Phylo - High Activity Symptomatic Men,0.0018765166309580594,0.003935912835132778,0.0020593962041747186,1.097456942400393,0.523232167590735
0.75_039,0.75,Phylo - Random Subsample High Activity,0.0018765166309580594,0.006579893880933675,0.004703377249975616,2.506440482530814,0.7148105022794403
0.75_039,0.75,Phylo - Symptomatic Men,0.0018765166309580594,0.0018891212994893223,1.2604668531262945e-5,0.006717056658766518,0.00667223885235443
0.75_039,0.75,Phylo - Symptomatic Only,0.0018765166309580594,0.0016949984521430139,-1.8151817881504554e-4,-0.09673145221333374,-0.1070904687762689
0.75_042,0.75,Phylo - All Infections,0.001799228269530524,0.0013277675310632876,-4.714607384672363e-4,-0.26203497713508883,-0.35507777335817703
0.75_042,0.75,Phylo - Detected Only,0.001799228269530524,0.0018681273155809921,6.889904605046821e-5,0.0382936657995298,0.03688134394043719
0.75_042,0.75,Phylo - High Activity Symptomatic Men,0.001799228269530524,0.005268306203355406,0.003469077933824882,1.9280921673880076,0.6584806956769924
0.75_042,0.75,Phylo - Random Subsample High Activity,0.001799228269530524,0.007475640295141455,0.005676412025610931,3.15491487197013,0.7593211820665218
0.75_042,0.75,Phylo - Symptomatic Men,0.001799228269530524,0.0023712987345034914,5.720704649729675e-4,0.31795324398845676,0.24124774185937778
0.75_042,0.75,Phylo - Symptomatic Only,0.001799228269530524,0.001614208197583157,-1.8502007194736683e-4,-0.10283301740009036,-0.1146197078074468
0.75_046,0.75,Phylo - All Infections,0.0032380315884517445,0.0019964880268219577,-0.0012415435616297868,-0.3834254014252614,-0.6218637652468652
0.75_046,0.75,Phylo - Detected Only,0.0032380315884517445,0.0026387228638671215,-5.99308724584623e-4,-0.1850842736439087,-0.22712075329741882
0.75_046,0.75,Phylo - High Activity Symptomatic Men,0.0032380315884517445,0.006528823117888928,0.0032907915294371837,1.0162938314665009,0.5040405399283124
0.75_046,0.75,Phylo - Random Subsample High Activity,0.0032380315884517445,0.007249530310452672,0.004011498722000927,1.2388695454076821,0.5533460169436057
0.75_046,0.75,Phylo - Symptomatic Men,0.0032380315884517445,0.0035802752110898573,3.4224362263811283e-4,0.10569496105557007,0.09559142871978599
0.75_046,0.75,Phylo - Symptomatic Only,0.0032380315884517445,0.002246558998588164,-9.914725898635805e-4,-0.30619608326231623,-0.44132942446054846
0.75_053,0.75,Phylo - All Infections,0.001746118782684998,0.0012918350065938852,-4.542837760911128e-4,-0.2601677392144897,-0.351657737847575
0.75_053,0.75,Phylo - Detected Only,0.001746118782684998,0.0018422346775677923,9.61158948827943e-5,0.0550454504217619,0.05217353470389081
0.75_053,0.75,Phylo - High Activity Symptomatic Men,0.001746118782684998,0.004477622183426325,0.002731503400741327,1.5643285140894643,0.6100343639648379
0.75_053,0.75,Phylo - Random Subsample High Activity,0.001746118782684998,0.005452185548796439,0.003706066766111441,2.1224597105659906,0.6797396627357168
0.75_053,0.75,Phylo - Symptomatic Men,0.001746118782684998,0.0020891800602659914,3.430612775809933e-4,0.1964707561609696,0.16420857354789958
0.75_053,0.75,Phylo - Symptomatic Only,0.001746118782684998,0.0015549224870342988,-1.9119629565069927e-4,-0.10949787468450324,-0.12296194649250179
0.75_061,0.75,Phylo - All Infections,0.003018840157907632,0.0020521938424191465,-9.666463154884854e-4,-0.32020453714862174,-0.47103070650918294
0.75_061,0.75,Phylo - Detected Only,0.003018840157907632,0.002861644491944591,-1.5719566596304095e-4,-0.052071543288331565,-0.054931933860247195
0.75_061,0.75,Phylo - High Activity Symptomatic Men,0.003018840157907632,0.0064585851072051625,0.0034397449492975306,1.1394259945454115,0.5325849070967834
0.75_061,0.75,Phylo - Random Subsample High Activity,0.003018840157907632,0.007620282336315861,0.00460144217840823,1.5242417411054663,0.6038414294020588
0.75_061,0.75,Phylo - Symptomatic Men,0.003018840157907632,0.0036152202802707577,5.963801223631258e-4,0.19755273256219,0.16496370238287683
0.75_061,0.75,Phylo - Symptomatic Only,0.003018840157907632,0.0024645506091215356,-5.542895487860963e-4,-0.18361010182476048,-0.22490491643166838
0.75_072,0.75,Phylo - All Infections,0.001586604196557494,0.0011361296934777195,-4.504745030797744e-4,-0.28392368056077466,-0.3964991898951795
0.75_072,0.75,Phylo - Detected Only,0.001586604196557494,0.001756698716689052,1.7009452013155802e-4,0.10720664958571115,0.0968262335001557
0.75_072,0.75,Phylo - High Activity Symptomatic Men,0.001586604196557494,0.004612295761103748,0.0030256915645462544,1.907023548224059,0.6560055385134689
0.75_072,0.75,Phylo - Random Subsample High Activity,0.001586604196557494,0.008471531319054164,0.00688492712249667,4.339410634003816,0.8127134119201206
0.75_072,0.75,Phylo - Symptomatic Men,0.001586604196557494,0.0022824618554840004,6.958576589265065e-4,0.4385830192787408,0.3048715391473425
0.75_072,0.75,Phylo - Symptomatic Only,0.001586604196557494,0.0014697418797021118,-1.1686231685538212e-4,-0.07365562067019742,-0.0795121364297436
0.75_077,0.75,Phylo - All Infections,0.0015239077112425994,0.00110439793609467,-4.1950977514792955e-4,-0.2752855517778435,-0.37985382029179093
0.75_077,0.75,Phylo - Detected Only,0.0015239077112425994,0.0014520784515164504,-7.182925972614904e-5,-0.04713491453336057,-0.0494665144649282
0.75_077,0.75,Phylo - High Activity Symptomatic Men,0.0015239077112425994,0.0036534670919349424,0.0021295593806923427,1.3974332992618648,0.5828872484970131
0.75_077,0.75,Phylo - Random Subsample High Activity,0.0015239077112425994,0.0080442054568099,0.0065202977455673,4.278669697294613,0.8105583305368561
0.75_077,0.75,Phylo - Symptomatic Men,0.0015239077112425994,0.0018944021748108955,3.70494463568296e-4,0.24312132607176953,0.19557328876339566
0.75_077,0.75,Phylo - Symptomatic Only,0.0015239077112425994,0.0011482799697480417,-3.756277414945577e-4,-0.24648982266010688,-0.3271220881584992
0.75_099,0.75,Phylo - All Infections,0.0011672850881876298,7.640786578751626e-4,-4.032064303124672e-4,-0.3454224117079235,-0.5277027779230868
0.75_099,0.75,Phylo - Detected Only,0.0011672850881876298,0.0010823995193617406,-8.488556882588921e-5,-0.07272051162555815,-0.07842350934888048
0.75_099,0.75,Phylo - High Activity Symptomatic Men,0.0011672850881876298,0.00283819674226678,0.0016709116540791502,1.4314512118658773,0.5887229835746498
0.75_099,0.75,Phylo - Random Subsample High Activity,0.0011672850881876298,0.0034058525892227036,0.002238567501035074,1.9177555883205508,0.6572708132227085
0.75_099,0.75,Phylo - Symptomatic Men,0.0011672850881876298,0.001387738291591946,2.204532034043162e-4,0.18885977867377712,0.15885790911730407
0.75_099,0.75,Phylo - Symptomatic Only,0.0011672850881876298,8.917294338750189e-4,-2.7555565431261096e-4,-0.23606542831832872,-0.30901262630210735
0.95_007,0.95,Phylo - All Infections,3.444380674592562e-4,2.197409475958253e-4,-1.246971198634309e-4,-0.36203059894992995,-0.567473296296097
0.95_007,0.95,Phylo - Detected Only,3.444380674592562e-4,3.200501565661261e-4,-2.4387910893130084e-5,-0.07080492314054383,-0.07620027796515468
0.95_007,0.95,Phylo - High Activity Symptomatic Men,3.444380674592562e-4,0.0010563695197771037,7.119314523178475e-4,2.066936031691858,0.6739416832739236
0.95_007,0.95,Phylo - Random Subsample High Activity,3.444380674592562e-4,0.0018185243328100412,0.001474086265350785,4.279684519845228,0.8105947436364409
0.95_007,0.95,Phylo - Symptomatic Men,3.444380674592562e-4,4.012332838725449e-4,5.679521641328871e-5,0.16489239076341947,0.14155160774580752
0.95_007,0.95,Phylo - Symptomatic Only,3.444380674592562e-4,2.814603566423399e-4,-6.297771081691632e-5,-0.1828419003784069,-0.223753396635335
0.95_010,0.95,Phylo - All Infections,1.784579127119916e-4,1.2467720287966198e-4,-5.3780709832329624e-5,-0.3013635484974256,-0.4313596117827458
0.95_010,0.95,Phylo - Detected Only,1.784579127119916e-4,2.0244389820958504e-4,2.3985985497593438e-5,0.13440695978722877,0.1184821360867165
0.95_010,0.95,Phylo - High Activity Symptomatic Men,1.784579127119916e-4,8.491408312199131e-4,6.706829185079214e-4,3.75821339785767,0.7898370845556784
0.95_010,0.95,Phylo - Random Subsample High Activity,1.784579127119916e-4,0.001019066403681782,8.406084909697903e-4,4.710401899222175,0.82488097726778
0.95_010,0.95,Phylo - Symptomatic Men,1.784579127119916e-4,2.2862729312257143e-4,5.016938041057983e-5,0.28112723974053666,0.2194374071676695
0.95_010,0.95,Phylo - Symptomatic Only,1.784579127119916e-4,1.6157142036222306e-4,-1.688649234976854e-5,-0.09462450890043297,-0.10451410473406202
0.95_019,0.95,Phylo - All Infections,1.3865969863501682e-4,9.46852583184813e-5,-4.397444031653552e-5,-0.3171393039897341,-0.4644275264965116
0.95_019,0.95,Phylo - Detected Only,1.3865969863501682e-4,1.40743845650531e-4,2.084147015514172e-6,0.015030661656059924,0.014808086320798275
0.95_019,0.95,Phylo - High Activity Symptomatic Men,1.3865969863501682e-4,5.385671988034507e-4,3.9990750016843387e-4,2.8840932448661913,0.7425396516106424
0.95_019,0.95,Phylo - Random Subsample High Activity,1.3865969863501682e-4,7.550712875177039e-4,6.164115888826871e-4,4.445499268718444,0.8163621092110912
0.95_019,0.95,Phylo - Symptomatic Men,1.3865969863501682e-4,1.9741388802139653e-4,5.875418938637971e-5,0.4237293890349048,0.2976193315234827
0.95_019,0.95,Phylo - Symptomatic Only,1.3865969863501682e-4,1.0887637917872552e-4,-2.9783319456291304e-5,-0.21479434723630567,-0.2735517077345182
0.95_026,0.95,Phylo - All Infections,9.538905762965244e-5,7.890488837710304e-5,-1.6484169252549394e-5,-0.17280985536673507,-0.2089118886242901
0.95_026,0.95,Phylo - Detected Only,9.538905762965244e-5,0.00012213771438222885,2.6748656752576417e-5,0.2804164064229248,0.2190040716569064
0.95_026,0.95,Phylo - High Activity Symptomatic Men,9.538905762965244e-5,4.42164925117931e-4,3.4677586748827854e-4,3.635384142640702,0.7842681492562736
0.95_026,0.95,Phylo - Random Subsample High Activity,9.538905762965244e-5,9.636543106838171e-4,8.682652530541647e-4,9.102356964518933,0.9010131988493223
0.95_026,0.95,Phylo - Symptomatic Men,9.538905762965244e-5,1.73375773550651e-4,7.798671592099856e-5,0.8175645913578643,0.44981322548052005
0.95_026,0.95,Phylo - Symptomatic Only,9.538905762965244e-5,1.1149333574888851e-4,1.6104278119236077e-5,0.16882731121803152,0.14444162075755834
0.95_050,0.95,Phylo - All Infections,3.435785365873615e-4,2.3350209901866828e-4,-1.1007643756869321e-4,-0.32038217131384794,-0.47141519511519553
0.95_050,0.95,Phylo - Detected Only,3.435785365873615e-4,3.676739159227165e-4,2.409537933535503e-5,0.07013063032017518,0.06553464440055567
0.95_050,0.95,Phylo - High Activity Symptomatic Men,3.435785365873615e-4,0.0011802826813676586,8.367041447802971e-4,2.435263136897228,0.708901484355224
0.95_050,0.95,Phylo - Random Subsample High Activity,3.435785365873615e-4,0.0024931584035305905,0.002149579866943229,6.256443980157232,0.8621914531780989
0.95_050,0.95,Phylo - Symptomatic Men,3.435785365873615e-4,4.7662044258298716e-4,1.3304190599562567e-4,0.3872241476929313,0.2791359625168846
0.95_050,0.95,Phylo - Symptomatic Only,3.435785365873615e-4,3.1092048504632804e-4,-3.2658051541033456e-5,-0.09505265336249988,-0.10503666728863913
0.95_051,0.95,Phylo - All Infections,2.4999756792713003e-4,1.6084226878855182e-4,-8.915529913857822e-5,-0.3566246659030117,-0.554302670623134
0.95_051,0.95,Phylo - Detected Only,2.4999756792713003e-4,2.170554721991975e-4,-3.294209572793252e-5,-0.13176966480543753,-0.15176809593494467
0.95_051,0.95,Phylo - High Activity Symptomatic Men,2.4999756792713003e-4,0.0010124585272591388,7.624609593320088e-4,3.0498735073864918,0.7530787077235578
0.95_051,0.95,Phylo - Random Subsample High Activity,2.4999756792713003e-4,0.0019321274188490957,0.0016821298509219656,6.7285848613226404,0.8706102064034444
0.95_051,0.95,Phylo - Symptomatic Men,2.4999756792713003e-4,3.0839536477906816e-4,5.839779685193813e-5,0.23359345987301797,0.18936016400173142
0.95_051,0.95,Phylo - Symptomatic Only,2.4999756792713003e-4,1.766600589886013e-4,-7.333750893852872e-5,-0.29335288957653116,-0.4151335019267751
0.95_069,0.95,Phylo - All Infections,3.3352117433054027e-4,2.3770926502999303e-4,-9.581190930054725e-5,-0.28727384248650933,-0.40306341988167
0.95_069,0.95,Phylo - Detected Only,3.3352117433054027e-4,3.6806911278473083e-4,3.454793845419056e-5,0.10358544258407833,0.09386263952660513
0.95_069,0.95,Phylo - High Activity Symptomatic Men,3.3352117433054027e-4,0.0011176950038145376,7.841738294839973e-4,2.3511965351466175,0.7015991185499811
0.95_069,0.95,Phylo - Random Subsample High Activity,3.3352117433054027e-4,0.002318123279715155,0.001984602105384615,5.950453099021985,0.8561244877487609
0.95_069,0.95,Phylo - Symptomatic Men,3.3352117433054027e-4,4.6457634269644877e-4,1.310551683659085e-4,0.39294407207868803,0.2820960869536551
0.95_069,0.95,Phylo - Symptomatic Only,3.3352117433054027e-4,2.9663527070711304e-4,-3.6885903623427234e-5,-0.11059538782647427,-0.1243476661945809
0.95_072,0.95,Phylo - All Infections,2.277403983879252e-4,1.7980518306586705e-4,-4.793521532205815e-5,-0.2104818278240075,-0.2665952922196815
0.95_072,0.95,Phylo - Detected Only,2.277403983879252e-4,2.693597331434056e-4,4.1619334755480425e-5,0.18274902059575515,0.15451208786772344
0.95_072,0.95,Phylo - High Activity Symptomatic Men,2.277403983879252e-4,0.0011076755442290674,8.799351458411422e-4,3.863763970159966,0.7943979177165723
0.95_072,0.95,Phylo - Random Subsample High Activity,2.277403983879252e-4,0.0017507486531260206,0.0015230082547380954,6.687475149419275,0.8699182786853572
0.95_072,0.95,Phylo - Symptomatic Men,2.277403983879252e-4,3.6581770338875756e-4,1.3807730500083236e-4,0.6062925417634345,0.3774483949840351
0.95_072,0.95,Phylo - Symptomatic Only,2.277403983879252e-4,2.2469071190629815e-4,-3.0496864816270544e-6,-0.013391065016195866,-0.013572819524906988
0.95_073,0.95,Phylo - All Infections,1.094639542672251e-4,8.448912893472275e-5,-2.4974825332502355e-5,-0.22815570202711136,-0.2955980922918283
0.95_073,0.95,Phylo - Detected Only,1.094639542672251e-4,1.3803039854242194e-4,2.8566444275196842e-5,0.26096667589277833,0.20695763090488575
0.95_073,0.95,Phylo - High Activity Symptomatic Men,1.094639542672251e-4,4.834566161107348e-4,3.739926618435097e-4,3.416582786060451,0.7735806055405133
0.95_073,0.95,Phylo - Random Subsample High Activity,1.094639542672251e-4,0.0011484831181270536,0.0010390191638598285,9.49188407101902,0.9046882339500655
0.95_073,0.95,Phylo - Symptomatic Men,1.094639542672251e-4,1.8412946691721631e-4,7.466551264999121e-5,0.6821013652376984,0.40550550599030655
0.95_073,0.95,Phylo - Symptomatic Only,1.094639542672251e-4,1.0449665494204397e-4,-4.967299325181132e-6,-0.04537840203593307,-0.04753548645108401
0.95_090,0.95,Phylo - All Infections,3.3780173447882253e-4,1.917700198692863e-4,-1.4603171460953623e-4,-0.432300073399094,-0.7614939744443575
0.95_090,0.95,Phylo - Detected Only,3.3780173447882253e-4,2.87620739880614e-4,-5.018099459820852e-5,-0.14855161911951184,-0.17446931893380746
0.95_090,0.95,Phylo - High Activity Symptomatic Men,3.3780173447882253e-4,8.819514494978243e-4,5.441497150190018e-4,1.6108553020266259,0.6169837527097847
0.95_090,0.95,Phylo - Random Subsample High Activity,3.3780173447882253e-4,0.0025431847873421294,0.002205383052863307,6.528631524837736,0.8671737357976816
0.95_090,0.95,Phylo - Symptomatic Men,3.3780173447882253e-4,3.9404140203708725e-4,5.623966755826472e-5,0.16648720778486853,0.14272527523128503
0.95_090,0.95,Phylo - Symptomatic Only,3.3780173447882253e-4,2.5213932133226377e-4,-8.566241314655876e-5,-0.2535878428176902,-0.3397423801013356
