group,mean,se,p_msmw_w,replicate
WSM_prevalence,0.043226173541963,0.0004855085339461,0.05,14
WSM_hi_prevalence,0.4882750397456279,0.0070339032132999,0.05,14
MSW_prevalence,0.0325234708392603,0.0003907732407186,0.05,14
MSW_hi_prevalence,0.3787204926445432,0.0055140688350948,0.05,14
MSM_prevalence,0.1271171171171171,0.0019552985863881,0.05,14
MSM_hi_prevalence,0.5524060646011865,0.0104909052042022,0.05,14
MSMW_prevalence,0.0862162162162162,0.0032211144470483,0.05,14
MSMW_hi_prevalence,0.4521829521829522,0.0164213383382852,0.05,14
WSM_prevalence,0.0406145092460882,0.0006264147109339,0.05,16
WSM_hi_prevalence,0.4950418043943224,0.007849468833158,0.05,16
MSW_prevalence,0.0318406827880512,0.0004636580345882,0.05,16
MSW_hi_prevalence,0.3969465648854962,0.0061551060200225,0.05,16
MSM_prevalence,0.11009009009009,0.0029637068568108,0.05,16
MSM_hi_prevalence,0.449017199017199,0.0136830748948432,0.05,16
MSMW_prevalence,0.1027027027027027,0.0024476086462877,0.05,16
MSMW_hi_prevalence,0.4874184529356942,0.012546020817837,0.05,16
WSM_prevalence,0.0370640113798008,0.0005384067756834,0.05,18
WSM_hi_prevalence,0.4457472178060413,0.0076364661953433,0.05,18
MSW_prevalence,0.0288250355618776,0.000403653333692,0.05,18
MSW_hi_prevalence,0.363027027027027,0.0063404993227182,0.05,18
MSM_prevalence,0.1322522522522522,0.0035656155871625,0.05,18
MSM_hi_prevalence,0.519019019019019,0.0154652045047144,0.05,18
MSMW_prevalence,0.109054054054054,0.0029308717010211,0.05,18
MSMW_hi_prevalence,0.5175175175175176,0.0160125399408766,0.05,18
WSM_prevalence,0.0383613086770981,0.0004891329115297,0.05,22
WSM_hi_prevalence,0.4534086325131101,0.0078578823227783,0.05,22
MSW_prevalence,0.0293314366998577,0.0003491712015612,0.05,22
MSW_hi_prevalence,0.3856776484513711,0.0071470589594542,0.05,22
MSM_prevalence,0.1172972972972972,0.0027119461553,0.05,22
MSM_hi_prevalence,0.4876126126126126,0.0144963681178261,0.05,22
MSMW_prevalence,0.1228378378378378,0.0027844251280226,0.05,22
MSMW_hi_prevalence,0.5036855036855037,0.0133029870494844,0.05,22
WSM_prevalence,0.0419402560455192,0.0006210135262196,0.05,25
WSM_hi_prevalence,0.4951037994516254,0.0083204042127456,0.05,25
MSW_prevalence,0.0329217638691323,0.0004742266427849,0.05,25
MSW_hi_prevalence,0.3802045288531775,0.0059855778804698,0.05,25
MSM_prevalence,0.1500900900900901,0.003220011892011,0.05,25
MSM_hi_prevalence,0.558058058058058,0.0116628430407718,0.05,25
MSMW_prevalence,0.1271621621621621,0.0030728183289535,0.05,25
MSMW_hi_prevalence,0.5345345345345345,0.0155594042024211,0.05,25
WSM_prevalence,0.039027027027027,0.0004711998741277,0.05,27
WSM_hi_prevalence,0.4521396396396396,0.0075190987012215,0.05,27
MSW_prevalence,0.0299573257467994,0.0003492484592347,0.05,27
MSW_hi_prevalence,0.4061166429587482,0.0077276339098037,0.05,27
MSM_prevalence,0.1332432432432432,0.0025523758992042,0.05,27
MSM_hi_prevalence,0.4994594594594593,0.011533642824741,0.05,27
MSMW_prevalence,0.1202702702702703,0.0035983915009858,0.05,27
MSMW_hi_prevalence,0.5396085740913326,0.0180861797359538,0.05,27
WSM_prevalence,0.043226173541963,0.0005230532071435,0.05,30
WSM_hi_prevalence,0.5125342734038387,0.0064865161842532,0.05,30
MSW_prevalence,0.0314196301564722,0.0004023344823923,0.05,30
MSW_hi_prevalence,0.4084481832826203,0.006780012037872,0.05,30
MSM_prevalence,0.1297297297297297,0.0025454768561898,0.05,30
MSM_hi_prevalence,0.5543415756181713,0.012744266973984,0.05,30
MSMW_prevalence,0.1239189189189189,0.0023975645733641,0.05,30
MSMW_hi_prevalence,0.5254372019077902,0.0133961045678479,0.05,30
WSM_prevalence,0.0467254623044096,0.0005792531023669,0.05,32
WSM_hi_prevalence,0.5173007402306764,0.0073883929564465,0.05,32
MSW_prevalence,0.0358179231863442,0.0005308270177088,0.05,32
MSW_hi_prevalence,0.4152177655362369,0.0075905208037974,0.05,32
MSM_prevalence,0.0995495495495495,0.0026944317889618,0.05,32
MSM_hi_prevalence,0.4906444906444906,0.0156202964276314,0.05,32
MSMW_prevalence,0.0806756756756756,0.0020701126654191,0.05,32
MSMW_hi_prevalence,0.4813384813384813,0.0181528529314763,0.05,32
WSM_prevalence,0.0439658605974395,0.0005071269503182,0.05,34
WSM_hi_prevalence,0.4881081081081082,0.0058915520927627,0.05,34
MSW_prevalence,0.0321365576102418,0.0003560749405596,0.05,34
MSW_hi_prevalence,0.4442567567567567,0.0060633536207996,0.05,34
MSM_prevalence,0.0931531531531531,0.00294524026286,0.05,34
MSM_hi_prevalence,0.4587482219061166,0.0144763974546593,0.05,34
MSMW_prevalence,0.1097297297297297,0.0033442722870757,0.05,34
MSMW_hi_prevalence,0.4799344799344798,0.0165024092380097,0.05,34
WSM_prevalence,0.0477724039829303,0.0005408382632795,0.05,48
WSM_hi_prevalence,0.50263471018188,0.0068557954482779,0.05,48
MSW_prevalence,0.0357837837837837,0.0003991861557164,0.05,48
MSW_hi_prevalence,0.4071952747449436,0.0061728150833724,0.05,48
MSM_prevalence,0.1215315315315315,0.0034041393539803,0.05,48
MSM_hi_prevalence,0.5059459459459458,0.0155936551520135,0.05,48
MSMW_prevalence,0.1248648648648648,0.0033529069817803,0.05,48
MSMW_hi_prevalence,0.5100261551874457,0.0121728428021655,0.05,48
WSM_prevalence,0.0408136557610241,0.0004726671667422,0.05,50
WSM_hi_prevalence,0.4771534124052111,0.0071185228735578,0.05,50
MSW_prevalence,0.03100426742532,0.0003994496516462,0.05,50
MSW_hi_prevalence,0.4029296472044563,0.0068426341868277,0.05,50
MSM_prevalence,0.1244144144144143,0.0026091586018313,0.05,50
MSM_hi_prevalence,0.5603603603603606,0.0144123288447855,0.05,50
MSMW_prevalence,0.1481081081081081,0.0031619889072425,0.05,50
MSMW_hi_prevalence,0.5162162162162163,0.0135003689825637,0.05,50
WSM_prevalence,0.042850640113798,0.0005692665678614,0.05,52
WSM_hi_prevalence,0.4939234536549973,0.006823635230023,0.05,52
MSW_prevalence,0.0313399715504978,0.0004141332961425,0.05,52
MSW_hi_prevalence,0.3861781244331579,0.0049383995356993,0.05,52
MSM_prevalence,0.0947747747747747,0.0028926417658248,0.05,52
MSM_hi_prevalence,0.4468468468468468,0.0149340493045735,0.05,52
MSMW_prevalence,0.0944594594594594,0.0028328284114468,0.05,52
MSMW_hi_prevalence,0.4324324324324324,0.0171058037336162,0.05,52
WSM_prevalence,0.0398918918918919,0.0005009285129975,0.05,53
WSM_hi_prevalence,0.4945101351351351,0.0080996907849732,0.05,53
MSW_prevalence,0.0295988620199146,0.0004738130558629,0.05,53
MSW_hi_prevalence,0.3588193456614509,0.0061743085078735,0.05,53
MSM_prevalence,0.1097297297297297,0.0028397835616439,0.05,53
MSM_hi_prevalence,0.4508338125359402,0.0158979753036181,0.05,53
MSMW_prevalence,0.1137837837837837,0.0038574710349512,0.05,53
MSMW_hi_prevalence,0.445945945945946,0.0194920239155288,0.05,53
WSM_prevalence,0.0413997155049786,0.0004354436678713,0.05,56
WSM_hi_prevalence,0.5233415233415233,0.0071253110153071,0.05,56
MSW_prevalence,0.0309871977240398,0.0004697490574144,0.05,56
MSW_hi_prevalence,0.4012474012474012,0.0071300096896165,0.05,56
MSM_prevalence,0.1343243243243243,0.0022626387136179,0.05,56
MSM_hi_prevalence,0.5385007649158592,0.0093512892526937,0.05,56
MSMW_prevalence,0.1251351351351351,0.0034413058319586,0.05,56
MSMW_hi_prevalence,0.5745422842197035,0.0151467752752548,0.05,56
WSM_prevalence,0.0365234708392603,0.000645163511021,0.05,61
WSM_hi_prevalence,0.4590404357846219,0.0100443149583339,0.05,61
MSW_prevalence,0.0271294452347083,0.0004713983206823,0.05,61
MSW_hi_prevalence,0.3434234234234233,0.0067146502492245,0.05,61
MSM_prevalence,0.1026126126126126,0.0032320321188383,0.05,61
MSM_hi_prevalence,0.436203645505971,0.0147084174055779,0.05,61
MSMW_prevalence,0.1358108108108107,0.0043388457381077,0.05,61
MSMW_hi_prevalence,0.5337837837837838,0.0188328901346526,0.05,61
WSM_prevalence,0.0351635846372688,0.0004770344258998,0.05,67
WSM_hi_prevalence,0.4418331374853114,0.0076717558665217,0.05,67
MSW_prevalence,0.0287852062588904,0.0004248797656351,0.05,67
MSW_hi_prevalence,0.348115721355158,0.0065180516214242,0.05,67
MSM_prevalence,0.1127927927927927,0.0028810053946453,0.05,67
MSM_hi_prevalence,0.5247198417930125,0.0158884569165656,0.05,67
MSMW_prevalence,0.1433783783783783,0.0038606257858649,0.05,67
MSMW_hi_prevalence,0.5060810810810811,0.0148946943401687,0.05,67
WSM_prevalence,0.0435618776671408,0.0005317173978777,0.05,72
WSM_hi_prevalence,0.4986210700496416,0.0076392418105766,0.05,72
MSW_prevalence,0.0334736842105263,0.0004867369033575,0.05,72
MSW_hi_prevalence,0.3967641110498254,0.0067259568136122,0.05,72
MSM_prevalence,0.1348648648648649,0.0025690159762698,0.05,72
MSM_hi_prevalence,0.511954261954262,0.0106784526030734,0.05,72
MSMW_prevalence,0.1148648648648648,0.0035750558411737,0.05,72
MSMW_hi_prevalence,0.5526561043802423,0.0195688297583393,0.05,72
WSM_prevalence,0.0372517780938833,0.0004582107113058,0.05,74
WSM_hi_prevalence,0.422475106685633,0.0062086349149284,0.05,74
MSW_prevalence,0.027556187766714,0.0004038515692996,0.05,74
MSW_hi_prevalence,0.3779353123615419,0.0085508106347354,0.05,74
MSM_prevalence,0.1188288288288288,0.0029003474997356,0.05,74
MSM_hi_prevalence,0.5329024676850763,0.0144344111027718,0.05,74
MSMW_prevalence,0.0872972972972973,0.0031752763150589,0.05,74
MSMW_hi_prevalence,0.4676850763807286,0.0205929329073167,0.05,74
WSM_prevalence,0.0382019914651493,0.0004175286858748,0.05,77
WSM_hi_prevalence,0.4518696778970751,0.0067010910845136,0.05,77
MSW_prevalence,0.0290241820768136,0.0003126829085939,0.05,77
MSW_hi_prevalence,0.3581567178689481,0.007227305024929,0.05,77
MSM_prevalence,0.1081981981981981,0.0031942834391977,0.05,77
MSM_hi_prevalence,0.4932432432432432,0.0156397797560875,0.05,77
MSMW_prevalence,0.1112162162162162,0.0030412911986288,0.05,77
MSMW_hi_prevalence,0.5187110187110187,0.0166374298190214,0.05,77
WSM_prevalence,0.040950213371266,0.0004814181080402,0.05,80
WSM_hi_prevalence,0.4539154539154539,0.0072496451673276,0.05,80
MSW_prevalence,0.0306116642958748,0.0004112546949614,0.05,80
MSW_hi_prevalence,0.3886368119944762,0.0063711798232215,0.05,80
MSM_prevalence,0.1136036036036036,0.0026826920203623,0.05,80
MSM_hi_prevalence,0.5186889016676249,0.0125941884538816,0.05,80
MSMW_prevalence,0.1237837837837837,0.0034626135208968,0.05,80
MSMW_hi_prevalence,0.4826254826254825,0.0135043175182236,0.05,80
WSM_prevalence,0.041325746799431,0.0007218490830262,0.05,85
WSM_hi_prevalence,0.4479773891538597,0.0096890646343022,0.05,85
MSW_prevalence,0.0294850640113797,0.0005169030885357,0.05,85
MSW_hi_prevalence,0.4018544091536792,0.0082118721908214,0.05,85
MSM_prevalence,0.1167567567567567,0.0030387511881623,0.05,85
MSM_hi_prevalence,0.5009009009009009,0.0158916593573302,0.05,85
MSMW_prevalence,0.117027027027027,0.0039012753913828,0.05,85
MSMW_hi_prevalence,0.5665665665665666,0.0172735123197127,0.05,85
WSM_prevalence,0.0341052631578947,0.0004947378509518,0.05,88
WSM_hi_prevalence,0.4178178178178178,0.0085555498233156,0.05,88
MSW_prevalence,0.0260654338549075,0.0004895206958828,0.05,88
MSW_hi_prevalence,0.3298080689385037,0.0073039322288501,0.05,88
MSM_prevalence,0.1208108108108108,0.0029775195010504,0.05,88
MSM_hi_prevalence,0.512938470385279,0.0141792156480022,0.05,88
MSMW_prevalence,0.1098648648648648,0.0024467795105436,0.05,88
MSMW_hi_prevalence,0.4410810810810811,0.0139915449789673,0.05,88
WSM_prevalence,0.0446372688477951,0.000521105009013,0.05,99
WSM_hi_prevalence,0.5005630630630631,0.0064771139160399,0.05,99
MSW_prevalence,0.0338662873399715,0.0004212234648036,0.05,99
MSW_hi_prevalence,0.3968440490179621,0.0072395140199781,0.05,99
MSM_prevalence,0.0975675675675675,0.0026206255912091,0.05,99
MSM_hi_prevalence,0.4647147147147147,0.0157697374916798,0.05,99
MSMW_prevalence,0.0891891891891891,0.003511636135066,0.05,99
MSMW_hi_prevalence,0.4189189189189189,0.0155125703885813,0.05,99
WSM_prevalence,0.0403698435277382,0.0004818177011411,0.05,100
WSM_hi_prevalence,0.4697297297297297,0.0075119506371746,0.05,100
MSW_prevalence,0.0315732574679943,0.0005268836188682,0.05,100
MSW_hi_prevalence,0.3718042366691015,0.0072485880918452,0.05,100
MSM_prevalence,0.1315315315315315,0.0033348209758322,0.05,100
MSM_hi_prevalence,0.5245700245700246,0.0129842952168158,0.05,100
MSMW_prevalence,0.1335135135135135,0.0032469948271964,0.05,100
MSMW_hi_prevalence,0.5337837837837838,0.0131005468217831,0.05,100
WSM_prevalence,0.0445007112375533,0.0005592866295861,0.25,1
WSM_hi_prevalence,0.5073710073710073,0.00721035469678,0.25,1
MSW_prevalence,0.0332972972972972,0.0004288447246882,0.25,1
MSW_hi_prevalence,0.4111558366877516,0.0066326441875207,0.25,1
MSM_prevalence,0.1037837837837838,0.0026944317889618,0.25,1
MSM_hi_prevalence,0.4897039897039897,0.0144863097425165,0.25,1
MSMW_prevalence,0.1018918918918918,0.0026162990456696,0.25,1
MSMW_hi_prevalence,0.4638186573670445,0.0148611074403319,0.25,1
WSM_prevalence,0.0447738264580369,0.0005511180885105,0.25,3
WSM_hi_prevalence,0.4583926031294453,0.0070880084804188,0.25,3
MSW_prevalence,0.0314196301564722,0.0004428832073678,0.25,3
MSW_hi_prevalence,0.416988416988417,0.0070503353390907,0.25,3
MSM_prevalence,0.1224324324324324,0.0032820088959666,0.25,3
MSM_hi_prevalence,0.4879606879606878,0.0135246770953541,0.25,3
MSMW_prevalence,0.1075675675675675,0.0030116242613417,0.25,3
MSMW_hi_prevalence,0.4788851351351351,0.0140723529699675,0.25,3
WSM_prevalence,0.0452290184921763,0.0004926156324808,0.25,5
WSM_hi_prevalence,0.5104422604422606,0.0081740676612502,0.25,5
MSW_prevalence,0.0316415362731152,0.0004844664262099,0.25,5
MSW_hi_prevalence,0.4219219219219219,0.0077962592815986,0.25,5
MSM_prevalence,0.162072072072072,0.0034084414809682,0.25,5
MSM_hi_prevalence,0.5633445945945946,0.0123035238326419,0.25,5
MSMW_prevalence,0.1272972972972972,0.003151543990939,0.25,5
MSMW_hi_prevalence,0.5076013513513513,0.0136680586643449,0.25,5
WSM_prevalence,0.0411891891891891,0.0004470566670028,0.25,6
WSM_hi_prevalence,0.4660887302396735,0.0067352074642729,0.25,6
MSW_prevalence,0.0302418207681365,0.0003715320538823,0.25,6
MSW_hi_prevalence,0.3815913815913815,0.0064269328307435,0.25,6
MSM_prevalence,0.1084684684684684,0.0025132103246735,0.25,6
MSM_hi_prevalence,0.4449064449064449,0.0138108390758259,0.25,6
MSMW_prevalence,0.1018918918918918,0.0033070549266626,0.25,6
MSMW_hi_prevalence,0.4360360360360361,0.0164590866138675,0.25,6
WSM_prevalence,0.0383214793741109,0.0005372028084691,0.25,7
WSM_hi_prevalence,0.44981924599759,0.0076485358901328,0.25,7
MSW_prevalence,0.0302418207681365,0.0005122648669724,0.25,7
MSW_hi_prevalence,0.3737331081081081,0.0063393452754264,0.25,7
MSM_prevalence,0.1245045045045045,0.0028859311961894,0.25,7
MSM_hi_prevalence,0.5060379528464634,0.0158400927284869,0.25,7
MSMW_prevalence,0.0977027027027027,0.0026180434390487,0.25,7
MSMW_hi_prevalence,0.5215215215215214,0.0175991551474682,0.25,7
WSM_prevalence,0.0354708392603129,0.0004093214516139,0.25,10
WSM_hi_prevalence,0.4331991566034119,0.0076128724234439,0.25,10
MSW_prevalence,0.0262930298719772,0.0003809566686842,0.25,10
MSW_hi_prevalence,0.3385490753911806,0.0062655726233677,0.25,10
MSM_prevalence,0.1104504504504504,0.003420194990027,0.25,10
MSM_hi_prevalence,0.507228158390949,0.0153151576790586,0.25,10
MSMW_prevalence,0.0993243243243243,0.0034340754148731,0.25,10
MSMW_hi_prevalence,0.4376634699215344,0.0195068356251405,0.25,10
WSM_prevalence,0.0441479374110953,0.0005190178311283,0.25,14
WSM_hi_prevalence,0.4886724960254371,0.0079960470417319,0.25,14
MSW_prevalence,0.0323812233285917,0.0004389159832332,0.25,14
MSW_hi_prevalence,0.3937735203557989,0.0064939159593033,0.25,14
MSM_prevalence,0.1033333333333333,0.0027942454809496,0.25,14
MSM_hi_prevalence,0.5201054713249835,0.0155023950126627,0.25,14
MSMW_prevalence,0.0802702702702702,0.00233257666259,0.25,14
MSMW_hi_prevalence,0.4334719334719335,0.0153186858753954,0.25,14
WSM_prevalence,0.0444495021337126,0.0005208926967026,0.25,15
WSM_hi_prevalence,0.5024659696192544,0.0068088552576478,0.25,15
MSW_prevalence,0.0313399715504978,0.0004717511202499,0.25,15
MSW_hi_prevalence,0.393050193050193,0.0064584514990553,0.25,15
MSM_prevalence,0.1211711711711711,0.0025350930884757,0.25,15
MSM_hi_prevalence,0.5411036036036035,0.0124143736442595,0.25,15
MSMW_prevalence,0.0898648648648648,0.002850678798612,0.25,15
MSMW_hi_prevalence,0.4810810810810811,0.0175006811698566,0.25,15
WSM_prevalence,0.0380654338549075,0.0006210511763041,0.25,16
WSM_hi_prevalence,0.4614038498930585,0.0072703332701795,0.25,16
MSW_prevalence,0.0283926031294452,0.0004645009882344,0.25,16
MSW_hi_prevalence,0.3563028677532494,0.0075994356380611,0.25,16
MSM_prevalence,0.1039639639639639,0.0026084672508383,0.25,16
MSM_hi_prevalence,0.4754299754299754,0.0136539374649706,0.25,16
MSMW_prevalence,0.0844594594594594,0.0031287667015878,0.25,16
MSMW_hi_prevalence,0.4054054054054054,0.0171325865208145,0.25,16
WSM_prevalence,0.0391920341394025,0.000504627485483,0.25,18
WSM_hi_prevalence,0.4689984101748808,0.0080795746172461,0.25,18
MSW_prevalence,0.0294679943100995,0.0004928839183085,0.25,18
MSW_hi_prevalence,0.3638918918918919,0.0082345299294394,0.25,18
MSM_prevalence,0.1267567567567567,0.0028371624790226,0.25,18
MSM_hi_prevalence,0.5230230230230231,0.0130828741672386,0.25,18
MSMW_prevalence,0.099054054054054,0.0033492740340967,0.25,18
MSMW_hi_prevalence,0.5195195195195196,0.0158833903709201,0.25,18
WSM_prevalence,0.0481251778093883,0.0005776720271692,0.25,19
WSM_hi_prevalence,0.5153951419774205,0.0063174167793497,0.25,19
MSW_prevalence,0.034981507823613,0.0004276792837488,0.25,19
MSW_hi_prevalence,0.4136230825420014,0.0049478606434741,0.25,19
MSM_prevalence,0.1218918918918919,0.0027688762494365,0.25,19
MSM_hi_prevalence,0.5298423423423424,0.0119885280950985,0.25,19
MSMW_prevalence,0.1135135135135135,0.0038597059165426,0.25,19
MSMW_hi_prevalence,0.4512012012012011,0.016689083932904,0.25,19
WSM_prevalence,0.0380825035561877,0.0004872004351567,0.25,22
WSM_hi_prevalence,0.4447357805566762,0.006622379254226,0.25,22
MSW_prevalence,0.0275504978662873,0.0005365009227791,0.25,22
MSW_hi_prevalence,0.3527322943381337,0.0077873986154205,0.25,22
MSM_prevalence,0.1054954954954955,0.0032605062753262,0.25,22
MSM_hi_prevalence,0.4679054054054054,0.0139962674080346,0.25,22
MSMW_prevalence,0.1066216216216216,0.0033448789577904,0.25,22
MSMW_hi_prevalence,0.447993447993448,0.0154504648614043,0.25,22
WSM_prevalence,0.0413769559032716,0.0005597768393398,0.25,25
WSM_hi_prevalence,0.4970622796709754,0.0057370806121716,0.25,25
MSW_prevalence,0.0318065433854907,0.0004527633962441,0.25,25
MSW_hi_prevalence,0.37490869247626,0.0073338378892302,0.25,25
MSM_prevalence,0.1488288288288288,0.0034591283833902,0.25,25
MSM_hi_prevalence,0.5790790790790791,0.0117833356735959,0.25,25
MSMW_prevalence,0.1127027027027027,0.0033591041779283,0.25,25
MSMW_hi_prevalence,0.5015015015015014,0.0156947678697253,0.25,25
WSM_prevalence,0.045655761024182,0.0005004327716839,0.25,30
WSM_hi_prevalence,0.5282021151586368,0.0059484302970965,0.25,30
MSW_prevalence,0.0328933143669985,0.0003467183984189,0.25,30
MSW_hi_prevalence,0.4093431179523895,0.0056387986404236,0.25,30
MSM_prevalence,0.1212612612612612,0.0022422198983585,0.25,30
MSM_hi_prevalence,0.5324899367452558,0.0102473194591709,0.25,30
MSMW_prevalence,0.1218918918918918,0.0033966473011727,0.25,30
MSMW_hi_prevalence,0.4658187599364071,0.0159764461038395,0.25,30
WSM_prevalence,0.0452119487908961,0.0005497489544464,0.25,32
WSM_hi_prevalence,0.5098984334653124,0.0075668421184632,0.25,32
MSW_prevalence,0.0345889046941678,0.000426303973585,0.25,32
MSW_hi_prevalence,0.4081597521087967,0.0069035369383833,0.25,32
MSM_prevalence,0.0986486486486486,0.0028605081421236,0.25,32
MSM_hi_prevalence,0.4767844767844766,0.0142763001903606,0.25,32
MSMW_prevalence,0.0789189189189189,0.003433927696821,0.25,32
MSMW_hi_prevalence,0.5225225225225225,0.0193953746125393,0.25,32
WSM_prevalence,0.0430896159317211,0.0004412007315291,0.25,36
WSM_hi_prevalence,0.5123873873873874,0.0058593772832095,0.25,36
MSW_prevalence,0.0318236130867709,0.0003652361616185,0.25,36
MSW_hi_prevalence,0.396260922576712,0.0065398574520949,0.25,36
MSM_prevalence,0.1163063063063063,0.0027056207137197,0.25,36
MSM_hi_prevalence,0.5014376078205866,0.0130237359711083,0.25,36
MSMW_prevalence,0.1079729729729729,0.0029918524212668,0.25,36
MSMW_hi_prevalence,0.5013979496738116,0.0131323152456342,0.25,36
WSM_prevalence,0.0446429587482219,0.0005066301739369,0.25,38
WSM_hi_prevalence,0.5076230076230077,0.0062683424785142,0.25,38
MSW_prevalence,0.0326714082503556,0.0004141072369117,0.25,38
MSW_hi_prevalence,0.4190147594402913,0.00612896616434,0.25,38
MSM_prevalence,0.1044144144144144,0.0027218209364524,0.25,38
MSM_hi_prevalence,0.4891232696110745,0.0158412852217507,0.25,38
MSMW_prevalence,0.1322972972972972,0.0031156065704127,0.25,38
MSMW_hi_prevalence,0.5102175346077786,0.0128331722702253,0.25,38
WSM_prevalence,0.0391635846372688,0.0005048893885473,0.25,39
WSM_hi_prevalence,0.4564112985165616,0.0070218055448774,0.25,39
MSW_prevalence,0.0296899004267425,0.0004621543567499,0.25,39
MSW_hi_prevalence,0.3587587587587588,0.0071846183906769,0.25,39
MSM_prevalence,0.1269369369369369,0.0037643693738911,0.25,39
MSM_hi_prevalence,0.4893018018018018,0.0162385105269554,0.25,39
MSMW_prevalence,0.1004054054054054,0.002972461053387,0.25,39
MSMW_hi_prevalence,0.4046332046332047,0.0130768450922836,0.25,39
WSM_prevalence,0.0419573257467994,0.0005026025031696,0.25,42
WSM_hi_prevalence,0.4784358826912018,0.0055482750252788,0.25,42
MSW_prevalence,0.0310782361308677,0.0003844836744646,0.25,42
MSW_hi_prevalence,0.4040652222470404,0.0074814853357797,0.25,42
MSM_prevalence,0.1205405405405405,0.0026423866924918,0.25,42
MSM_hi_prevalence,0.5055643879173292,0.0129417459922771,0.25,42
MSMW_prevalence,0.0985135135135135,0.0036135841518989,0.25,42
MSMW_hi_prevalence,0.4366554054054054,0.0161322726439844,0.25,42
WSM_prevalence,0.0398293029871977,0.0004898604438129,0.25,47
WSM_hi_prevalence,0.4461127794461127,0.0065577568743293,0.25,47
MSW_prevalence,0.0310554765291607,0.0004545415772996,0.25,47
MSW_hi_prevalence,0.355691457881239,0.007681872484905,0.25,47
MSM_prevalence,0.0939639639639639,0.0033504013420957,0.25,47
MSM_hi_prevalence,0.4725868725868725,0.017136942873492,0.25,47
MSMW_prevalence,0.1071621621621621,0.0035542795575817,0.25,47
MSMW_hi_prevalence,0.4848966613672496,0.0171945464577717,0.25,47
WSM_prevalence,0.0442162162162162,0.0005145507545734,0.25,50
WSM_hi_prevalence,0.5047637565623178,0.0073095174060988,0.25,50
MSW_prevalence,0.0325234708392603,0.0003984465372857,0.25,50
MSW_hi_prevalence,0.4148958118423768,0.0071188844847277,0.25,50
MSM_prevalence,0.1404504504504504,0.0031378148316868,0.25,50
MSM_hi_prevalence,0.5771771771771774,0.012283387657445,0.25,50
MSMW_prevalence,0.1391891891891892,0.0027707280073019,0.25,50
MSMW_hi_prevalence,0.5472972972972971,0.0132040389253151,0.25,50
WSM_prevalence,0.0396699857752489,0.000614030510884,0.25,53
WSM_hi_prevalence,0.472339527027027,0.0082384058852431,0.25,53
MSW_prevalence,0.028705547652916,0.000405449491418,0.25,53
MSW_hi_prevalence,0.3504623044096729,0.0056295387127221,0.25,53
MSM_prevalence,0.1109009009009009,0.0025789135191167,0.25,53
MSM_hi_prevalence,0.4594594594594594,0.0120454417047076,0.25,53
MSMW_prevalence,0.1016216216216216,0.0029322559833989,0.25,53
MSMW_hi_prevalence,0.4419713831478537,0.0143476273139172,0.25,53
WSM_prevalence,0.0438406827880512,0.0005902050941968,0.25,54
WSM_hi_prevalence,0.4944052332587363,0.0066837359058799,0.25,54
MSW_prevalence,0.0322788051209103,0.0005317596792138,0.25,54
MSW_hi_prevalence,0.4004914004914005,0.007755616435791,0.25,54
MSM_prevalence,0.1166666666666666,0.0027032031568691,0.25,54
MSM_hi_prevalence,0.5306526038233355,0.0150448189572609,0.25,54
MSMW_prevalence,0.0968918918918918,0.0026800855460618,0.25,54
MSMW_hi_prevalence,0.4864864864864865,0.0130722823944188,0.25,54
WSM_prevalence,0.0397894736842105,0.0005010200636767,0.25,58
WSM_hi_prevalence,0.4422297297297296,0.0068044488018111,0.25,58
MSW_prevalence,0.0299516358463726,0.0004059770425744,0.25,58
MSW_hi_prevalence,0.3689776733254994,0.0071056224674757,0.25,58
MSM_prevalence,0.1063963963963964,0.0027166805712669,0.25,58
MSM_hi_prevalence,0.4594594594594595,0.0129777061519571,0.25,58
MSMW_prevalence,0.0951351351351351,0.0033973939319384,0.25,58
MSMW_hi_prevalence,0.5045045045045045,0.0161320317032146,0.25,58
WSM_prevalence,0.0380199146514936,0.0005869291566622,0.25,60
WSM_hi_prevalence,0.4479986315429352,0.0080040197918026,0.25,60
MSW_prevalence,0.0300199146514936,0.0004924092997872,0.25,60
MSW_hi_prevalence,0.358054054054054,0.0086265483395836,0.25,60
MSM_prevalence,0.0934234234234234,0.0025425523948955,0.25,60
MSM_hi_prevalence,0.4753984753984754,0.0139664428407113,0.25,60
MSMW_prevalence,0.1193243243243243,0.0029520833113172,0.25,60
MSMW_hi_prevalence,0.4586404586404586,0.0118102202546127,0.25,60
WSM_prevalence,0.0398805120910384,0.0006281737686733,0.25,61
WSM_hi_prevalence,0.4751728472658705,0.0095077498803746,0.25,61
MSW_prevalence,0.0285746799431009,0.0004707969995889,0.25,61
MSW_hi_prevalence,0.3551351351351351,0.0081512587737215,0.25,61
MSM_prevalence,0.075045045045045,0.0026109725272201,0.25,61
MSM_hi_prevalence,0.3431803896920177,0.0137673351401187,0.25,61
MSMW_prevalence,0.1041891891891892,0.0038677145671222,0.25,61
MSMW_hi_prevalence,0.4309309309309309,0.0170400024355727,0.25,61
WSM_prevalence,0.043379800853485,0.0006643390248783,0.25,62
WSM_hi_prevalence,0.5022522522522521,0.0086280342332205,0.25,62
MSW_prevalence,0.0311066856330014,0.0005219930212106,0.25,62
MSW_hi_prevalence,0.3761416589002796,0.0065600552786905,0.25,62
MSM_prevalence,0.1309909909909909,0.0030968809716929,0.25,62
MSM_hi_prevalence,0.4923832923832923,0.0119017474046057,0.25,62
MSMW_prevalence,0.1437837837837837,0.0043685566254419,0.25,62
MSMW_hi_prevalence,0.5256756756756757,0.0148341205406082,0.25,62
WSM_prevalence,0.04,0.0004229450124917,0.25,63
WSM_hi_prevalence,0.4603369603369603,0.0065603583801924,0.25,63
MSW_prevalence,0.0286657183499288,0.0003822410567526,0.25,63
MSW_hi_prevalence,0.3947583947583947,0.0074251557570074,0.25,63
MSM_prevalence,0.0909009009009008,0.0025398021062443,0.25,63
MSM_hi_prevalence,0.4755295836376918,0.0150479920925422,0.25,63
MSMW_prevalence,0.0813513513513513,0.0020654516248847,0.25,63
MSMW_hi_prevalence,0.4082013047530288,0.012782255738702,0.25,63
WSM_prevalence,0.0377467994310099,0.0004142700802109,0.25,67
WSM_hi_prevalence,0.4561300430865649,0.006227912352911,0.25,67
MSW_prevalence,0.02850640113798,0.0003873383434234,0.25,67
MSW_hi_prevalence,0.3479253901789113,0.0060924147672081,0.25,67
MSM_prevalence,0.1164864864864865,0.0027214895929809,0.25,67
MSM_hi_prevalence,0.5451549110085696,0.0123666331050364,0.25,67
MSMW_prevalence,0.121081081081081,0.0036511502935422,0.25,67
MSMW_hi_prevalence,0.4641891891891892,0.01486742402213,0.25,67
WSM_prevalence,0.0393684210526315,0.0005089272338626,0.25,69
WSM_hi_prevalence,0.4685877930911045,0.0067817181139986,0.25,69
MSW_prevalence,0.030981507823613,0.0004209351435193,0.25,69
MSW_hi_prevalence,0.3734101748807631,0.006850758510164,0.25,69
MSM_prevalence,0.1023423423423423,0.00347512458846,0.25,69
MSM_hi_prevalence,0.5190575190575192,0.0146161277622415,0.25,69
MSMW_prevalence,0.0935135135135135,0.0027045789283383,0.25,69
MSMW_hi_prevalence,0.4171171171171171,0.0139486176126049,0.25,69
WSM_prevalence,0.0370583214793741,0.0005432390032402,0.25,71
WSM_hi_prevalence,0.4290787137502466,0.0085702920549984,0.25,71
MSW_prevalence,0.0270839260312944,0.0005076976422282,0.25,71
MSW_hi_prevalence,0.3489840205168672,0.0077914234338577,0.25,71
MSM_prevalence,0.0943243243243243,0.0028587736883873,0.25,71
MSM_hi_prevalence,0.5065835065835067,0.0171633327084131,0.25,71
MSMW_prevalence,0.0927027027027027,0.0029675079445046,0.25,71
MSMW_hi_prevalence,0.4324324324324324,0.0155016774773217,0.25,71
WSM_prevalence,0.0464864864864864,0.0005530337349433,0.25,73
WSM_hi_prevalence,0.525863611956327,0.0070812402823425,0.25,73
MSW_prevalence,0.0362332859174964,0.0004853529162948,0.25,73
MSW_hi_prevalence,0.4131778837661191,0.0061732529485839,0.25,73
MSM_prevalence,0.1058558558558558,0.0029066369963789,0.25,73
MSM_hi_prevalence,0.481786133960047,0.0140833657566367,0.25,73
MSMW_prevalence,0.0941891891891892,0.0038090373485014,0.25,73
MSMW_hi_prevalence,0.4158004158004158,0.0199305481253802,0.25,73
WSM_prevalence,0.0448591749644381,0.0004849821970978,0.25,79
WSM_hi_prevalence,0.4909026673732556,0.0061610251943841,0.25,79
MSW_prevalence,0.031578947368421,0.0003831528231192,0.25,79
MSW_hi_prevalence,0.3829748115462401,0.0062538523080327,0.25,79
MSM_prevalence,0.1242342342342342,0.002493396847405,0.25,79
MSM_hi_prevalence,0.512993762993763,0.0110289759410268,0.25,79
MSMW_prevalence,0.1035135135135135,0.0030808966806417,0.25,79
MSMW_hi_prevalence,0.5482625482625483,0.0158525309280244,0.25,79
WSM_prevalence,0.0446600284495021,0.0005617093857432,0.25,85
WSM_hi_prevalence,0.4732379438261789,0.0080307061825624,0.25,85
MSW_prevalence,0.0304978662873399,0.0004467548232768,0.25,85
MSW_hi_prevalence,0.4142828960347209,0.0077840661574052,0.25,85
MSM_prevalence,0.1155855855855855,0.0026314429614998,0.25,85
MSM_hi_prevalence,0.5105105105105107,0.0128728884405306,0.25,85
MSMW_prevalence,0.0995945945945945,0.0022122575059114,0.25,85
MSMW_hi_prevalence,0.5355355355355356,0.0162746058034797,0.25,85
WSM_prevalence,0.0401024182076813,0.00061776266769,0.25,86
WSM_hi_prevalence,0.4786036036036035,0.008691865248292,0.25,86
MSW_prevalence,0.0292745376955903,0.0004765081652051,0.25,86
MSW_hi_prevalence,0.3556187766714083,0.0084970028066892,0.25,86
MSM_prevalence,0.1042342342342342,0.0026333271519822,0.25,86
MSM_hi_prevalence,0.4804054054054054,0.0125985281720243,0.25,86
MSMW_prevalence,0.0987837837837837,0.0028303203734063,0.25,86
MSMW_hi_prevalence,0.460304054054054,0.0124464322737587,0.25,86
WSM_prevalence,0.0468108108108108,0.0005647845212882,0.25,87
WSM_hi_prevalence,0.512575075075075,0.0077889762249679,0.25,87
MSW_prevalence,0.0331209103840682,0.0003153206629207,0.25,87
MSW_hi_prevalence,0.4401544401544401,0.0075446877188732,0.25,87
MSM_prevalence,0.1076576576576576,0.0036575664322908,0.25,87
MSM_hi_prevalence,0.496096096096096,0.0195043702923355,0.25,87
MSMW_prevalence,0.0921621621621621,0.0025596527288604,0.25,87
MSMW_hi_prevalence,0.4894894894894896,0.0150612863574139,0.25,87
WSM_prevalence,0.0409559032716927,0.0005008602878863,0.25,89
WSM_hi_prevalence,0.4690730999455832,0.0073316397259508,0.25,89
MSW_prevalence,0.0306970128022759,0.0003854764647416,0.25,89
MSW_hi_prevalence,0.3649567935282221,0.0064955694607553,0.25,89
MSM_prevalence,0.1436936936936936,0.0031421228491359,0.25,89
MSM_hi_prevalence,0.4855545200372786,0.0129807905658752,0.25,89
MSMW_prevalence,0.0937837837837837,0.0025439485798812,0.25,89
MSMW_hi_prevalence,0.4678471575023299,0.0150307181154432,0.25,89
WSM_prevalence,0.0416330014224751,0.0003784698715633,0.25,90
WSM_hi_prevalence,0.4519329456038315,0.0068338460518228,0.25,90
MSW_prevalence,0.0311237553342816,0.0004131963048944,0.25,90
MSW_hi_prevalence,0.3850858157427499,0.0068550604295511,0.25,90
MSM_prevalence,0.112072072072072,0.0024107400364575,0.25,90
MSM_hi_prevalence,0.4582843713278496,0.0106678760919673,0.25,90
MSMW_prevalence,0.0679729729729729,0.0021087143965307,0.25,90
MSMW_hi_prevalence,0.4406580493537015,0.0188482736227726,0.25,90
WSM_prevalence,0.0438975817923186,0.000553080890697,0.25,91
WSM_hi_prevalence,0.4892283587935762,0.007749138647721,0.25,91
MSW_prevalence,0.0311066856330014,0.0004092225718776,0.25,91
MSW_hi_prevalence,0.3841817277400099,0.0061227579391482,0.25,91
MSM_prevalence,0.0917117117117117,0.0022946951837546,0.25,91
MSM_hi_prevalence,0.4265569917743831,0.0117132836304784,0.25,91
MSMW_prevalence,0.0701351351351351,0.0026528816453561,0.25,91
MSMW_hi_prevalence,0.4002079002079002,0.0158748595827516,0.25,91
WSM_prevalence,0.036551920341394,0.0005604158780324,0.25,94
WSM_hi_prevalence,0.4305019305019305,0.0072737047687893,0.25,94
MSW_prevalence,0.0253428165007112,0.0004543753539919,0.25,94
MSW_hi_prevalence,0.3517608517608518,0.0092109782357334,0.25,94
MSM_prevalence,0.1219819819819819,0.0025620737459209,0.25,94
MSM_hi_prevalence,0.512912912912913,0.0119434144050247,0.25,94
MSMW_prevalence,0.0986486486486486,0.0021281102362194,0.25,94
MSMW_hi_prevalence,0.524948024948025,0.0148450227559334,0.25,94
WSM_prevalence,0.0410412517780938,0.000498419616198,0.25,95
WSM_hi_prevalence,0.4803631756756756,0.007090704315115,0.25,95
MSW_prevalence,0.0285462304409672,0.0003856164174745,0.25,95
MSW_hi_prevalence,0.3796831314072693,0.0065945361744805,0.25,95
MSM_prevalence,0.1153153153153153,0.0032585696146608,0.25,95
MSM_hi_prevalence,0.481786133960047,0.0135701623198746,0.25,95
MSMW_prevalence,0.1067567567567567,0.0025128514740506,0.25,95
MSMW_hi_prevalence,0.5573159366262814,0.0150883932209765,0.25,95
WSM_prevalence,0.0438179231863442,0.0006395972838388,0.25,96
WSM_hi_prevalence,0.5037837837837839,0.0074687673138136,0.25,96
MSW_prevalence,0.030651493598862,0.0004619363649082,0.25,96
MSW_hi_prevalence,0.3837491337491338,0.0079024787383945,0.25,96
MSM_prevalence,0.1191891891891891,0.0028864779885878,0.25,96
MSM_hi_prevalence,0.4904279279279278,0.0137614885734409,0.25,96
MSMW_prevalence,0.1217567567567567,0.0036257763806487,0.25,96
MSMW_hi_prevalence,0.4609203798392988,0.0148457036099527,0.25,96
WSM_prevalence,0.0447852062588904,0.000501726774509,0.5,1
WSM_hi_prevalence,0.4987714987714987,0.0081020997070496,0.5,1
MSW_prevalence,0.0319374110953058,0.0004429928444896,0.5,1
MSW_hi_prevalence,0.3785700594211233,0.0064529454593074,0.5,1
MSM_prevalence,0.1128828828828828,0.0029656080096504,0.5,1
MSM_hi_prevalence,0.5102960102960103,0.014603353562304,0.5,1
MSMW_prevalence,0.0932432432432432,0.0035046955643974,0.5,1
MSMW_hi_prevalence,0.4463818657367044,0.0164177164899656,0.5,1
WSM_prevalence,0.0429246088193456,0.0004208774555608,0.5,5
WSM_hi_prevalence,0.4854627354627353,0.0083411803530291,0.5,5
MSW_prevalence,0.02950213371266,0.0003909043954602,0.5,5
MSW_hi_prevalence,0.4076576576576577,0.0066344345503504,0.5,5
MSM_prevalence,0.1493693693693693,0.0038874682901606,0.5,5
MSM_hi_prevalence,0.5358952702702703,0.0138445116508609,0.5,5
MSMW_prevalence,0.1001351351351351,0.0029731435932476,0.5,5
MSMW_hi_prevalence,0.4197635135135135,0.0123809872901441,0.5,5
WSM_prevalence,0.0418207681365576,0.0004819427392897,0.5,7
WSM_hi_prevalence,0.4685832329144431,0.0059004719973487,0.5,7
MSW_prevalence,0.0315675675675675,0.0004721588946964,0.5,7
MSW_hi_prevalence,0.3716216216216216,0.0078798973291738,0.5,7
MSM_prevalence,0.1103603603603603,0.0027117798853415,0.5,7
MSM_hi_prevalence,0.4491086831512364,0.0124703213968366,0.5,7
MSMW_prevalence,0.0914864864864865,0.0023076519863537,0.5,7
MSMW_hi_prevalence,0.4464464464464464,0.0129916064957836,0.5,7
WSM_prevalence,0.0387311522048364,0.0004919378795388,0.5,8
WSM_hi_prevalence,0.4785112981834293,0.0091247818015915,0.5,8
MSW_prevalence,0.0276187766714082,0.0004819166145966,0.5,8
MSW_hi_prevalence,0.3449253449253449,0.007698004482883,0.5,8
MSM_prevalence,0.132072072072072,0.0028892103983467,0.5,8
MSM_hi_prevalence,0.5513513513513513,0.0141536090441024,0.5,8
MSMW_prevalence,0.0989189189189189,0.0029006001187023,0.5,8
MSMW_hi_prevalence,0.4837837837837837,0.0165219756197944,0.5,8
WSM_prevalence,0.0355106685633001,0.0003469724938819,0.5,9
WSM_hi_prevalence,0.4476658476658477,0.006752163827499,0.5,9
MSW_prevalence,0.0255533428165007,0.0003178742993681,0.5,9
MSW_hi_prevalence,0.3433761630482942,0.0060412610573686,0.5,9
MSM_prevalence,0.1041441441441441,0.0035003346172219,0.5,9
MSM_hi_prevalence,0.4617596319723979,0.0167317898012995,0.5,9
MSMW_prevalence,0.0664864864864864,0.0028923689651673,0.5,9
MSMW_hi_prevalence,0.332046332046332,0.0122898515153051,0.5,9
WSM_prevalence,0.0456045519203413,0.0005517997518651,0.5,11
WSM_hi_prevalence,0.5057669134102255,0.0070867626178689,0.5,11
MSW_prevalence,0.0337752489331436,0.0004756411145517,0.5,11
MSW_hi_prevalence,0.4296087131908027,0.0072440089928443,0.5,11
MSM_prevalence,0.08,0.0029169347796117,0.5,11
MSM_hi_prevalence,0.3832923832923833,0.0154345533740658,0.5,11
MSMW_prevalence,0.0824324324324324,0.002961347732233,0.5,11
MSMW_hi_prevalence,0.4342342342342342,0.0139405337999221,0.5,11
WSM_prevalence,0.0428335704125177,0.0006141959875675,0.5,17
WSM_hi_prevalence,0.4614179396788091,0.0085999857449085,0.5,17
MSW_prevalence,0.0288762446657183,0.0004388155745678,0.5,17
MSW_hi_prevalence,0.3685660182475469,0.0067779069536849,0.5,17
MSM_prevalence,0.1343243243243243,0.0034918869333694,0.5,17
MSM_hi_prevalence,0.4855212355212355,0.0137668161069339,0.5,17
MSMW_prevalence,0.1036486486486486,0.0021544061339762,0.5,17
MSMW_hi_prevalence,0.4295105916727538,0.0105657530819318,0.5,17
WSM_prevalence,0.0430839260312944,0.0004934054713706,0.5,18
WSM_hi_prevalence,0.5013910969793323,0.0072295659722946,0.5,18
MSW_prevalence,0.0312603129445234,0.0003441383820721,0.5,18
MSW_hi_prevalence,0.380972972972973,0.0082387867636604,0.5,18
MSM_prevalence,0.1136036036036035,0.0030025525187637,0.5,18
MSM_hi_prevalence,0.4819819819819819,0.0129460001208182,0.5,18
MSMW_prevalence,0.0872972972972973,0.0029738259764544,0.5,18
MSMW_hi_prevalence,0.4574574574574574,0.0158008148048736,0.5,18
WSM_prevalence,0.0414338549075391,0.0006756076263637,0.5,26
WSM_hi_prevalence,0.4746482019209291,0.0081302263091169,0.5,26
MSW_prevalence,0.0293485064011379,0.0005677368845868,0.5,26
MSW_hi_prevalence,0.3738738738738739,0.0067123796495766,0.5,26
MSM_prevalence,0.1044144144144144,0.0032982489314151,0.5,26
MSM_hi_prevalence,0.4747054747054746,0.0171407775089758,0.5,26
MSMW_prevalence,0.0637837837837838,0.0028103559923088,0.5,26
MSMW_hi_prevalence,0.3664864864864865,0.0138211235392901,0.5,26
WSM_prevalence,0.0401422475106685,0.0005095188548744,0.5,29
WSM_hi_prevalence,0.4843004769475356,0.0077619954077541,0.5,29
MSW_prevalence,0.0302076813655761,0.0004932304660993,0.5,29
MSW_hi_prevalence,0.3722358722358722,0.0066044064446644,0.5,29
MSM_prevalence,0.0908108108108108,0.0026006768882415,0.5,29
MSM_hi_prevalence,0.4650034650034649,0.0149089131076399,0.5,29
MSMW_prevalence,0.0821621621621621,0.0033476076154497,0.5,29
MSMW_hi_prevalence,0.388996138996139,0.0153970220257469,0.5,29
WSM_prevalence,0.0449900426742532,0.0005539971906812,0.5,30
WSM_hi_prevalence,0.5356443399921659,0.0073026192410523,0.5,30
MSW_prevalence,0.0317667140825035,0.0004546266442836,0.5,30
MSW_hi_prevalence,0.4084481832826204,0.0072038380673801,0.5,30
MSM_prevalence,0.1178378378378378,0.0019340831457182,0.5,30
MSM_hi_prevalence,0.5192639447958597,0.0105407146519973,0.5,30
MSMW_prevalence,0.1124324324324324,0.0035068659683156,0.5,30
MSMW_hi_prevalence,0.4713831478537361,0.0126646643832345,0.5,30
WSM_prevalence,0.0443413940256045,0.0005407750732744,0.5,31
WSM_hi_prevalence,0.5113221329437545,0.007579441157182,0.5,31
MSW_prevalence,0.0328876244665718,0.0005148512793289,0.5,31
MSW_hi_prevalence,0.3720387053720387,0.0070659015345428,0.5,31
MSM_prevalence,0.1151351351351351,0.0030853572466165,0.5,31
MSM_hi_prevalence,0.5013789299503585,0.0140027603693172,0.5,31
MSMW_prevalence,0.0933783783783783,0.0027878843818123,0.5,31
MSMW_hi_prevalence,0.4715750232991612,0.0136299540034049,0.5,31
WSM_prevalence,0.0455647226173542,0.0006364879837386,0.5,32
WSM_hi_prevalence,0.5093819934584266,0.0066110447345261,0.5,32
MSW_prevalence,0.0332517780938833,0.0005445518436311,0.5,32
MSW_hi_prevalence,0.4038560853847478,0.0057589857887043,0.5,32
MSM_prevalence,0.0952252252252252,0.0033991022695089,0.5,32
MSM_hi_prevalence,0.4726264726264726,0.0189701687850753,0.5,32
MSMW_prevalence,0.0755405405405405,0.0023553002634957,0.5,32
MSMW_hi_prevalence,0.4851994851994851,0.0166924722937312,0.5,32
WSM_prevalence,0.042850640113798,0.0004386700436833,0.5,37
WSM_hi_prevalence,0.4785889785889785,0.0084689821671347,0.5,37
MSW_prevalence,0.0317268847795163,0.0004863857289525,0.5,37
MSW_hi_prevalence,0.3916871416871416,0.0076203577537997,0.5,37
MSM_prevalence,0.1125225225225225,0.0037488857323642,0.5,37
MSM_hi_prevalence,0.4876365727429558,0.0166404097099983,0.5,37
MSMW_prevalence,0.0808108108108108,0.0024622793457146,0.5,37
MSMW_hi_prevalence,0.4410810810810811,0.0127330160317511,0.5,37
WSM_prevalence,0.0493598862019914,0.0005093582138623,0.5,38
WSM_hi_prevalence,0.5235620235620235,0.0061300809027692,0.5,38
MSW_prevalence,0.0342190611664295,0.0004457431662599,0.5,38
MSW_hi_prevalence,0.4303239409622388,0.007328162332496,0.5,38
MSM_prevalence,0.092072072072072,0.0026481821547205,0.5,38
MSM_hi_prevalence,0.4627554383651945,0.0152828254704939,0.5,38
MSMW_prevalence,0.112027027027027,0.0030043728107069,0.5,38
MSMW_hi_prevalence,0.4462755438365194,0.0135603264386863,0.5,38
WSM_prevalence,0.0373541963015647,0.0004351627017892,0.5,39
WSM_hi_prevalence,0.4576305628937207,0.0078564595821966,0.5,39
MSW_prevalence,0.0280227596017069,0.0003972054966708,0.5,39
MSW_hi_prevalence,0.3523523523523523,0.0076833302447109,0.5,39
MSM_prevalence,0.1072972972972972,0.0037453961013382,0.5,39
MSM_hi_prevalence,0.4414414414414414,0.0154406635144167,0.5,39
MSMW_prevalence,0.0991891891891891,0.0025075974161651,0.5,39
MSMW_hi_prevalence,0.3745173745173745,0.0110036728441693,0.5,39
WSM_prevalence,0.0419174964438122,0.0005938795240121,0.5,41
WSM_hi_prevalence,0.4569256756756756,0.0074794191145684,0.5,41
MSW_prevalence,0.0304409672830725,0.0005021119967221,0.5,41
MSW_hi_prevalence,0.3875170134162939,0.0088294501021853,0.5,41
MSM_prevalence,0.1021621621621621,0.0023077252579404,0.5,41
MSM_hi_prevalence,0.4613450659962287,0.0142344753835851,0.5,41
MSMW_prevalence,0.0832432432432432,0.0027483015244651,0.5,41
MSMW_hi_prevalence,0.4210985178727114,0.0144665835102047,0.5,41
WSM_prevalence,0.0410298719772404,0.0004183399087145,0.5,42
WSM_hi_prevalence,0.4744105807935595,0.0055359367114964,0.5,42
MSW_prevalence,0.0298605974395448,0.000351304956275,0.5,42
MSW_hi_prevalence,0.3933437569801205,0.0064324655100752,0.5,42
MSM_prevalence,0.11009009009009,0.0031966117115694,0.5,42
MSM_hi_prevalence,0.4806571277159511,0.0135622058259318,0.5,42
MSMW_prevalence,0.0945945945945946,0.0025437491718009,0.5,42
MSMW_hi_prevalence,0.4256756756756756,0.0146491111945356,0.5,42
WSM_prevalence,0.0419857752489331,0.0004779441094637,0.5,44
WSM_hi_prevalence,0.4878724878724879,0.007695290000053,0.5,44
MSW_prevalence,0.0312147937411095,0.0003893253126113,0.5,44
MSW_hi_prevalence,0.3814414414414414,0.0058915520927627,0.5,44
MSM_prevalence,0.1268468468468468,0.0028502437887698,0.5,44
MSM_hi_prevalence,0.5208845208845208,0.0129842952168158,0.5,44
MSMW_prevalence,0.0801351351351351,0.0022964138912668,0.5,44
MSMW_hi_prevalence,0.4594594594594595,0.0163902355582332,0.5,44
WSM_prevalence,0.0440625889046941,0.0004145109708885,0.5,46
WSM_hi_prevalence,0.4937328632980806,0.0055249741741124,0.5,46
MSW_prevalence,0.0315846372688478,0.0003223579541352,0.5,46
MSW_hi_prevalence,0.3867086264346537,0.0057391129314143,0.5,46
MSM_prevalence,0.085045045045045,0.0029809248464137,0.5,46
MSM_hi_prevalence,0.3796653796653796,0.0140509920507613,0.5,46
MSMW_prevalence,0.1062162162162162,0.0029472680726046,0.5,46
MSMW_hi_prevalence,0.5063593004769475,0.0125435086153096,0.5,46
WSM_prevalence,0.0419459459459459,0.0005548698397553,0.5,49
WSM_hi_prevalence,0.4786036036036035,0.0069931681319444,0.5,49
MSW_prevalence,0.0295476529160739,0.0004056135934324,0.5,49
MSW_hi_prevalence,0.3674897919502236,0.0064863225090415,0.5,49
MSM_prevalence,0.106036036036036,0.001906374804577,0.5,49
MSM_hi_prevalence,0.5441928414901388,0.0116225069246288,0.5,49
MSMW_prevalence,0.0951351351351351,0.0024081200729051,0.5,49
MSMW_hi_prevalence,0.4641192917054987,0.0143659268465633,0.5,49
WSM_prevalence,0.0463100995732574,0.000578306842045,0.5,52
WSM_hi_prevalence,0.5020859785960458,0.0085695714210177,0.5,52
MSW_prevalence,0.0336728307254623,0.000466914799143,0.5,52
MSW_hi_prevalence,0.3937964810448031,0.0069053838392506,0.5,52
MSM_prevalence,0.0962162162162162,0.0028567225217491,0.5,52
MSM_hi_prevalence,0.4234234234234235,0.0141215664094701,0.5,52
MSMW_prevalence,0.0867567567567567,0.0030090966702449,0.5,52
MSMW_hi_prevalence,0.3947876447876448,0.0150931426362083,0.5,52
WSM_prevalence,0.0421621621621621,0.0005342938026607,0.5,53
WSM_hi_prevalence,0.4911317567567567,0.0065501473653167,0.5,53
MSW_prevalence,0.0288591749644381,0.0003995104337193,0.5,53
MSW_hi_prevalence,0.3525960170697013,0.0073243176633278,0.5,53
MSM_prevalence,0.0972972972972972,0.0030066044470351,0.5,53
MSM_hi_prevalence,0.4174813110983324,0.0149166773688661,0.5,53
MSMW_prevalence,0.0951351351351351,0.0032678620174983,0.5,53
MSMW_hi_prevalence,0.3990461049284579,0.0145746012895422,0.5,53
WSM_prevalence,0.0427652916073968,0.0004163769280087,0.5,56
WSM_hi_prevalence,0.5132901496537858,0.0075565020433492,0.5,56
MSW_prevalence,0.0292517780938833,0.000327118418818,0.5,56
MSW_hi_prevalence,0.3783783783783784,0.0068539899295453,0.5,56
MSM_prevalence,0.1204504504504504,0.003818894253929,0.5,56
MSM_hi_prevalence,0.4762876083630801,0.014865348365851,0.5,56
MSMW_prevalence,0.0925675675675676,0.0027714602293039,0.5,56
MSMW_hi_prevalence,0.4664341761115954,0.0147684695696273,0.5,56
WSM_prevalence,0.0393627311522048,0.0006370077249572,0.5,58
WSM_hi_prevalence,0.4464527027027026,0.006907684644977,0.5,58
MSW_prevalence,0.0291834992887624,0.0004210803966941,0.5,58
MSW_hi_prevalence,0.3560517038777908,0.0064835588808064,0.5,58
MSM_prevalence,0.1018918918918918,0.0029974422990295,0.5,58
MSM_hi_prevalence,0.4665379665379665,0.0141269196399822,0.5,58
MSMW_prevalence,0.08,0.0026494375855112,0.5,58
MSMW_hi_prevalence,0.4494494494494495,0.0178768926674643,0.5,58
WSM_prevalence,0.0405860597439544,0.0005212102700292,0.5,60
WSM_hi_prevalence,0.4695518303113241,0.0080851517086957,0.5,60
MSW_prevalence,0.0304637268847795,0.0003717691901846,0.5,60
MSW_hi_prevalence,0.3565405405405405,0.0057373172041113,0.5,60
MSM_prevalence,0.1003603603603603,0.0025071928018154,0.5,60
MSM_hi_prevalence,0.4892584892584892,0.0149821058408611,0.5,60
MSMW_prevalence,0.0966216216216216,0.0026498204798821,0.5,60
MSMW_hi_prevalence,0.4201474201474201,0.0130312956427656,0.5,60
WSM_prevalence,0.039425320056899,0.0004806590885287,0.5,61
WSM_hi_prevalence,0.4755918709407081,0.0081170629071068,0.5,61
MSW_prevalence,0.0279032716927453,0.0004138465543534,0.5,61
MSW_hi_prevalence,0.3385585585585585,0.0060425315773721,0.5,61
MSM_prevalence,0.1124324324324324,0.0026396550133303,0.5,61
MSM_hi_prevalence,0.507228158390949,0.0138974430771229,0.5,61
MSMW_prevalence,0.106081081081081,0.0036201758577185,0.5,61
MSMW_hi_prevalence,0.4459459459459459,0.0143179451074743,0.5,61
WSM_prevalence,0.0380995732574679,0.0006126170165444,0.5,64
WSM_hi_prevalence,0.435833184177555,0.008855482943184,0.5,64
MSW_prevalence,0.028330014224751,0.0004591968602009,0.5,64
MSW_hi_prevalence,0.3561330561330562,0.0075044327978846,0.5,64
MSM_prevalence,0.0718018018018018,0.0023234977695552,0.5,64
MSM_hi_prevalence,0.3449163449163449,0.0122265122265122,0.5,64
MSMW_prevalence,0.0629729729729729,0.0019706885454258,0.5,64
MSMW_hi_prevalence,0.3326403326403326,0.0146188656339078,0.5,64
WSM_prevalence,0.0430497866287339,0.0005457527809832,0.5,65
WSM_hi_prevalence,0.4800604800604801,0.0086381334346387,0.5,65
MSW_prevalence,0.0295476529160739,0.0004498021338352,0.5,65
MSW_hi_prevalence,0.3858749260209114,0.0083768793982363,0.5,65
MSM_prevalence,0.0516216216216216,0.0026834482645063,0.5,65
MSM_hi_prevalence,0.3941441441441442,0.0241425029883115,0.5,65
MSMW_prevalence,0.0793243243243243,0.0032138621611811,0.5,65
MSMW_hi_prevalence,0.4354354354354354,0.0190073077993007,0.5,65
WSM_prevalence,0.0444153627311522,0.0006264735693184,0.5,66
WSM_hi_prevalence,0.5068009185656245,0.0063850095643624,0.5,66
MSW_prevalence,0.0327396870554765,0.0005228348057712,0.5,66
MSW_hi_prevalence,0.391696043869957,0.0067562048275503,0.5,66
MSM_prevalence,0.1071171171171171,0.00287709002577,0.5,66
MSM_hi_prevalence,0.4884169884169884,0.0135160668462738,0.5,66
MSMW_prevalence,0.1068918918918919,0.0023677588470182,0.5,66
MSMW_hi_prevalence,0.4838709677419355,0.0132284878543923,0.5,66
WSM_prevalence,0.0403869132290184,0.0005659202792848,0.5,67
WSM_hi_prevalence,0.4909909909909909,0.0078992035513774,0.5,67
MSW_prevalence,0.0299743954480796,0.0004997134331465,0.5,67
MSW_hi_prevalence,0.3612485725161782,0.007120410022382,0.5,67
MSM_prevalence,0.0945045045045045,0.0026571910484328,0.5,67
MSM_hi_prevalence,0.5042847725774554,0.0155599064765802,0.5,67
MSMW_prevalence,0.1101351351351351,0.002830857997188,0.5,67
MSMW_hi_prevalence,0.4337837837837837,0.0115930842447127,0.5,67
WSM_prevalence,0.0420654338549075,0.0004750319122616,0.5,69
WSM_hi_prevalence,0.4832647216753178,0.0064076600181894,0.5,69
MSW_prevalence,0.0307652916073968,0.0004326029294625,0.5,69
MSW_hi_prevalence,0.3573131955484896,0.0059864504286215,0.5,69
MSM_prevalence,0.1002702702702702,0.00384765436126,0.5,69
MSM_hi_prevalence,0.4885654885654885,0.0184800184800184,0.5,69
MSMW_prevalence,0.1047297297297297,0.003660446946046,0.5,69
MSMW_hi_prevalence,0.4504504504504504,0.0164714098783138,0.5,69
WSM_prevalence,0.0417126600284494,0.0004178129006529,0.5,75
WSM_hi_prevalence,0.5021795989537924,0.0068152898975339,0.5,75
MSW_prevalence,0.0293883357041251,0.0003463395022932,0.5,75
MSW_hi_prevalence,0.3409053225004145,0.0046068459984769,0.5,75
MSM_prevalence,0.0876576576576576,0.0028704216417597,0.5,75
MSM_hi_prevalence,0.4174174174174175,0.0154789844084706,0.5,75
MSMW_prevalence,0.1027027027027027,0.0030362833058874,0.5,75
MSMW_hi_prevalence,0.3911411411411412,0.0127982881105616,0.5,75
WSM_prevalence,0.046054054054054,0.0004707798077004,0.5,76
WSM_hi_prevalence,0.5102634279849471,0.0060985060020499,0.5,76
MSW_prevalence,0.0330697012802276,0.0004773058173,0.5,76
MSW_hi_prevalence,0.4069721895808852,0.0079693007051606,0.5,76
MSM_prevalence,0.1032432432432432,0.0042926139638629,0.5,76
MSM_hi_prevalence,0.4341575618171363,0.0188628170981676,0.5,76
MSMW_prevalence,0.0935135135135135,0.0036083864656266,0.5,76
MSMW_hi_prevalence,0.4549549549549549,0.0185482541341528,0.5,76
WSM_prevalence,0.0446088193456614,0.0004354870361835,0.5,79
WSM_hi_prevalence,0.4824236000706587,0.0058076090235826,0.5,79
MSW_prevalence,0.0315106685633001,0.0003428240425663,0.5,79
MSW_hi_prevalence,0.3917999632285346,0.0054499562604438,0.5,79
MSM_prevalence,0.1274774774774774,0.0035664374707808,0.5,79
MSM_hi_prevalence,0.4994802494802496,0.0148939738927173,0.5,79
MSMW_prevalence,0.0889189189189189,0.0023660443219223,0.5,79
MSMW_hi_prevalence,0.4864864864864865,0.0115247713568676,0.5,79
WSM_prevalence,0.0453428165007112,0.000395153468674,0.5,80
WSM_hi_prevalence,0.4991337491337489,0.0058946092448144,0.5,80
MSW_prevalence,0.0324495021337126,0.000315226531813,0.5,80
MSW_hi_prevalence,0.404616295127244,0.0068031369999957,0.5,80
MSM_prevalence,0.1118918918918919,0.0028752871657095,0.5,80
MSM_hi_prevalence,0.5221391604370328,0.0119927094477191,0.5,80
MSMW_prevalence,0.1066216216216216,0.0034715383629786,0.5,80
MSMW_hi_prevalence,0.4355212355212355,0.0137570745601676,0.5,80
WSM_prevalence,0.0409445234708392,0.0004897778241156,0.5,83
WSM_hi_prevalence,0.4668124006359301,0.0068772890168311,0.5,83
MSW_prevalence,0.0285234708392603,0.0003637854745627,0.5,83
MSW_hi_prevalence,0.3742655699177438,0.0077215909649131,0.5,83
MSM_prevalence,0.1200900900900901,0.0029805466668394,0.5,83
MSM_hi_prevalence,0.5524324324324326,0.0130453436828093,0.5,83
MSMW_prevalence,0.087027027027027,0.002415691473476,0.5,83
MSMW_hi_prevalence,0.4249767008387698,0.0142071824507972,0.5,83
WSM_prevalence,0.0445576102418207,0.0005044759828941,0.5,85
WSM_hi_prevalence,0.4594594594594595,0.005133587356504,0.5,85
MSW_prevalence,0.0293655761024182,0.0004247209902405,0.5,85
MSW_hi_prevalence,0.4105346222134542,0.0057577794330363,0.5,85
MSM_prevalence,0.1143243243243243,0.0026904124963435,0.5,85
MSM_hi_prevalence,0.523123123123123,0.0145265905374748,0.5,85
MSMW_prevalence,0.096081081081081,0.0025858759293302,0.5,85
MSMW_hi_prevalence,0.4914914914914913,0.0127275482968039,0.5,85
WSM_prevalence,0.0450867709815078,0.0005158442095259,0.5,89
WSM_hi_prevalence,0.4995465263921639,0.0075710629563339,0.5,89
MSW_prevalence,0.0330469416785206,0.0003803187596109,0.5,89
MSW_hi_prevalence,0.3974995403566831,0.0058203743469982,0.5,89
MSM_prevalence,0.1194594594594594,0.0035243410076348,0.5,89
MSM_hi_prevalence,0.4422180801491145,0.0122684336176315,0.5,89
MSMW_prevalence,0.0947297297297297,0.0028005921319003,0.5,89
MSMW_hi_prevalence,0.4659832246039143,0.0159011915403165,0.5,89
WSM_prevalence,0.0435903271692745,0.0006966120716425,0.5,90
WSM_hi_prevalence,0.4698939445774889,0.0077802271869099,0.5,90
MSW_prevalence,0.0323698435277382,0.000489695190479,0.5,90
MSW_hi_prevalence,0.3971197474847109,0.0069134772660339,0.5,90
MSM_prevalence,0.1068468468468468,0.0024776139738538,0.5,90
MSM_hi_prevalence,0.5070505287896591,0.0150465588266792,0.5,90
MSMW_prevalence,0.0797297297297297,0.00233257666259,0.5,90
MSMW_hi_prevalence,0.4324324324324324,0.0157994861183695,0.5,90
WSM_prevalence,0.0381678520625889,0.0004476255912424,0.5,92
WSM_hi_prevalence,0.4515933844292052,0.0080897296476815,0.5,92
MSW_prevalence,0.0288364153627311,0.0003406266070359,0.5,92
MSW_hi_prevalence,0.3525014376078206,0.0068806701227875,0.5,92
MSM_prevalence,0.0985585585585585,0.0024762486715107,0.5,92
MSM_hi_prevalence,0.4670018856065366,0.0130394821985796,0.5,92
MSMW_prevalence,0.0824324324324324,0.0032398004750182,0.5,92
MSMW_hi_prevalence,0.3783783783783784,0.0158923174216284,0.5,92
WSM_prevalence,0.043027027027027,0.0005062626008549,0.5,96
WSM_hi_prevalence,0.4823783783783784,0.0083460579743216,0.5,96
MSW_prevalence,0.02950213371266,0.0004134095428106,0.5,96
MSW_hi_prevalence,0.3634788634788635,0.0068785628089525,0.5,96
MSM_prevalence,0.109009009009009,0.0027456546943819,0.5,96
MSM_hi_prevalence,0.4814189189189189,0.0143455287492652,0.5,96
MSMW_prevalence,0.0978378378378378,0.0032796381350031,0.5,96
MSMW_hi_prevalence,0.393718042366691,0.0155173846583144,0.5,96
WSM_prevalence,0.0443243243243243,0.0006136539951096,0.75,1
WSM_hi_prevalence,0.501053001053001,0.0071457528118817,0.75,1
MSW_prevalence,0.0320682788051209,0.0003993167993627,0.75,1
MSW_hi_prevalence,0.3942879049262027,0.0068233246196341,0.75,1
MSM_prevalence,0.0921621621621621,0.0030104262604942,0.75,1
MSM_hi_prevalence,0.4800514800514801,0.0183714143138842,0.75,1
MSMW_prevalence,0.0777027027027027,0.0029675079445046,0.75,1
MSMW_hi_prevalence,0.3923278116826504,0.0151815842913211,0.75,1
WSM_prevalence,0.0456216216216216,0.0005470464375511,0.75,3
WSM_hi_prevalence,0.4731507823613087,0.0072839179406761,0.75,3
MSW_prevalence,0.0305775248933143,0.000430308059154,0.75,3
MSW_hi_prevalence,0.4023572444625076,0.0073856532034154,0.75,3
MSM_prevalence,0.1011711711711711,0.0033011868731879,0.75,3
MSM_hi_prevalence,0.398034398034398,0.0127942503424593,0.75,3
MSMW_prevalence,0.0885135135135135,0.0031590999263678,0.75,3
MSMW_hi_prevalence,0.3961148648648648,0.0156040613294493,0.75,3
WSM_prevalence,0.0421450924608819,0.0005288598439901,0.75,8
WSM_hi_prevalence,0.4960124058484713,0.0069413675971053,0.75,8
MSW_prevalence,0.0296842105263157,0.0003606048433223,0.75,8
MSW_hi_prevalence,0.3655263655263656,0.0057331788074894,0.75,8
MSM_prevalence,0.1192792792792793,0.0029767622285997,0.75,8
MSM_hi_prevalence,0.5016216216216216,0.0135429109671625,0.75,8
MSMW_prevalence,0.0893243243243243,0.0029520833113172,0.75,8
MSMW_hi_prevalence,0.4081081081081081,0.0158406629368203,0.75,8
WSM_prevalence,0.0359601706970128,0.0004660511267078,0.75,9
WSM_hi_prevalence,0.4484029484029483,0.0068583678232777,0.75,9
MSW_prevalence,0.0255931721194879,0.0003532909428724,0.75,9
MSW_hi_prevalence,0.3447053610988037,0.0061337489978089,0.75,9
MSM_prevalence,0.099009009009009,0.0024159714400381,0.75,9
MSM_hi_prevalence,0.4226566992524439,0.0121774047722971,0.75,9
MSMW_prevalence,0.0571621621621621,0.0024395125520812,0.75,9
MSMW_hi_prevalence,0.277027027027027,0.0140044576530375,0.75,9
WSM_prevalence,0.0379288762446657,0.0004213302003947,0.75,10
WSM_hi_prevalence,0.4527506229633889,0.0072267679277677,0.75,10
MSW_prevalence,0.0273854907539118,0.0003584185661001,0.75,10
MSW_hi_prevalence,0.3485064011379801,0.0064506738045411,0.75,10
MSM_prevalence,0.093063063063063,0.0023654248824501,0.75,10
MSM_hi_prevalence,0.4462602137020742,0.0146096015933179,0.75,10
MSMW_prevalence,0.0821621621621621,0.0031808628009439,0.75,10
MSMW_hi_prevalence,0.3478639930252834,0.0138705022537421,0.75,10
WSM_prevalence,0.0473229018492176,0.0005420524055881,0.75,11
WSM_hi_prevalence,0.5222929936305731,0.0076152068978844,0.75,11
MSW_prevalence,0.0349075391180654,0.0004414106277115,0.75,11
MSW_hi_prevalence,0.4312222670431626,0.0072185373303587,0.75,11
MSM_prevalence,0.0684684684684684,0.0025592563443859,0.75,11
MSM_hi_prevalence,0.3255528255528255,0.0145790197534135,0.75,11
MSMW_prevalence,0.0829729729729729,0.0030905956563809,0.75,11
MSMW_hi_prevalence,0.4153153153153153,0.0133979038715941,0.75,11
WSM_prevalence,0.047578947368421,0.0005537650098706,0.75,13
WSM_hi_prevalence,0.5004359197907585,0.0071480212703643,0.75,13
MSW_prevalence,0.0339061166429587,0.0004817859698822,0.75,13
MSW_hi_prevalence,0.3822879483256842,0.0071681607512194,0.75,13
MSM_prevalence,0.1005405405405405,0.0030001487937561,0.75,13
MSM_hi_prevalence,0.4864864864864865,0.01632541755926,0.75,13
MSMW_prevalence,0.0922972972972973,0.0027576987144169,0.75,13
MSMW_hi_prevalence,0.4062003179650238,0.0109218144385399,0.75,13
WSM_prevalence,0.0485462304409672,0.0005696092726566,0.75,19
WSM_hi_prevalence,0.5041053711939787,0.0079591111017184,0.75,19
MSW_prevalence,0.0330014224751066,0.0004412272287862,0.75,19
MSW_hi_prevalence,0.4046749452154858,0.006533859898038,0.75,19
MSM_prevalence,0.1192792792792793,0.0036444754245349,0.75,19
MSM_hi_prevalence,0.5180180180180181,0.0174857046142512,0.75,19
MSMW_prevalence,0.0958108108108108,0.0027842429429779,0.75,19
MSMW_hi_prevalence,0.3858858858858859,0.0147105858575111,0.75,19
WSM_prevalence,0.0410071123755334,0.000416054988429,0.75,22
WSM_hi_prevalence,0.4697458652682534,0.0063876916587789,0.75,22
MSW_prevalence,0.0278805120910384,0.0004207000689683,0.75,22
MSW_hi_prevalence,0.3513513513513514,0.0062811214697961,0.75,22
MSM_prevalence,0.1163063063063063,0.0030831643320937,0.75,22
MSM_hi_prevalence,0.4915540540540541,0.0141781868222686,0.75,22
MSMW_prevalence,0.0791891891891892,0.0023290945532963,0.75,22
MSMW_hi_prevalence,0.3701883701883702,0.0138505606267713,0.75,22
WSM_prevalence,0.043226173541963,0.0004611140771139,0.75,25
WSM_hi_prevalence,0.5129259694477085,0.0074297591465404,0.75,25
MSW_prevalence,0.0303954480796586,0.0004225003837325,0.75,25
MSW_hi_prevalence,0.3696128560993426,0.0066589836925548,0.75,25
MSM_prevalence,0.1314414414414414,0.0036109160042938,0.75,25
MSM_hi_prevalence,0.5105105105105106,0.0127264548178468,0.75,25
MSMW_prevalence,0.0872972972972972,0.0032105458885054,0.75,25
MSMW_hi_prevalence,0.4264264264264264,0.0147494401770439,0.75,25
WSM_prevalence,0.0405689900426742,0.000459510102067,0.75,27
WSM_hi_prevalence,0.4656531531531532,0.0076582301041538,0.75,27
MSW_prevalence,0.0285974395448079,0.0003752123958868,0.75,27
MSW_hi_prevalence,0.4023233760075865,0.0071796686604924,0.75,27
MSM_prevalence,0.1045945945945945,0.0032736176362373,0.75,27
MSM_hi_prevalence,0.4297297297297296,0.0160071609654912,0.75,27
MSMW_prevalence,0.081081081081081,0.0022771150213346,0.75,27
MSMW_hi_prevalence,0.4426840633737184,0.0117639616208521,0.75,27
WSM_prevalence,0.0492233285917496,0.0005880267322045,0.75,30
WSM_hi_prevalence,0.5477869173521347,0.0083128456229852,0.75,30
MSW_prevalence,0.0336955903271692,0.0004662016132841,0.75,30
MSW_hi_prevalence,0.426883837479864,0.008113306589353,0.75,30
MSM_prevalence,0.1117117117117117,0.0032971550755086,0.75,30
MSM_hi_prevalence,0.4899367452558942,0.0140999616113498,0.75,30
MSMW_prevalence,0.0956756756756756,0.0029265415983388,0.75,30
MSMW_hi_prevalence,0.4054054054054055,0.0140571969843148,0.75,30
WSM_prevalence,0.0402048364153627,0.0005249222256664,0.75,35
WSM_hi_prevalence,0.4511434511434511,0.007354431023217,0.75,35
MSW_prevalence,0.0269359886201991,0.0003693520217045,0.75,35
MSW_hi_prevalence,0.3596370092720457,0.0061750645432069,0.75,35
MSM_prevalence,0.11,0.003086453119606,0.75,35
MSM_hi_prevalence,0.4657849338700403,0.0151749173576364,0.75,35
MSMW_prevalence,0.0877027027027027,0.0023537921817637,0.75,35
MSMW_hi_prevalence,0.3674214755295837,0.0116835579391381,0.75,35
WSM_prevalence,0.0399886201991465,0.0004537594019215,0.75,39
WSM_hi_prevalence,0.4686039422881528,0.006968347150538,0.75,39
MSW_prevalence,0.0279487908961593,0.000320486163496,0.75,39
MSW_hi_prevalence,0.3637637637637637,0.0060330094026237,0.75,39
MSM_prevalence,0.0989189189189189,0.0036328269523747,0.75,39
MSM_hi_prevalence,0.393018018018018,0.0155316523014843,0.75,39
MSMW_prevalence,0.0841891891891891,0.0032909097288744,0.75,39
MSMW_hi_prevalence,0.3382239382239383,0.0153212624859028,0.75,39
WSM_prevalence,0.0411664295874822,0.0006248838861753,0.75,40
WSM_hi_prevalence,0.4858946537778655,0.0073241096637494,0.75,40
MSW_prevalence,0.0282389758179231,0.0005030853811187,0.75,40
MSW_hi_prevalence,0.352112676056338,0.0071419996862486,0.75,40
MSM_prevalence,0.1039639639639639,0.0022954810382926,0.75,40
MSM_hi_prevalence,0.4251559251559251,0.0126413280297676,0.75,40
MSMW_prevalence,0.0814864864864864,0.0027045789283383,0.75,40
MSMW_hi_prevalence,0.3229018492176387,0.0133597854328609,0.75,40
WSM_prevalence,0.0460711237553342,0.0005927988534326,0.75,41
WSM_hi_prevalence,0.4790540540540541,0.0066112571716965,0.75,41
MSW_prevalence,0.0316586059743954,0.0004535690998539,0.75,41
MSW_hi_prevalence,0.4005444293214077,0.0060951807352433,0.75,41
MSM_prevalence,0.0933333333333333,0.00378783328756,0.75,41
MSM_hi_prevalence,0.4336895034569453,0.0182960343135309,0.75,41
MSMW_prevalence,0.0824324324324324,0.0023299655684926,0.75,41
MSMW_hi_prevalence,0.3836094158674804,0.0124235015982557,0.75,41
WSM_prevalence,0.0437098150782361,0.0005187925306169,0.75,42
WSM_hi_prevalence,0.4928119608970673,0.0078244327912202,0.75,42
MSW_prevalence,0.0309132290184921,0.0004186364619841,0.75,42
MSW_hi_prevalence,0.394013848559303,0.008177476689459,0.75,42
MSM_prevalence,0.1045945945945946,0.0032040789593631,0.75,42
MSM_hi_prevalence,0.4599894011658716,0.015563513678419,0.75,42
MSMW_prevalence,0.0835135135135135,0.003056431613277,0.75,42
MSMW_hi_prevalence,0.3792229729729729,0.014789116909359,0.75,42
WSM_prevalence,0.0447965860597439,0.0004027254552971,0.75,46
WSM_hi_prevalence,0.499804151978065,0.0061996202710324,0.75,46
MSW_prevalence,0.0303100995732574,0.0004189521247891,0.75,46
MSW_hi_prevalence,0.372639763050722,0.0055701001056652,0.75,46
MSM_prevalence,0.063063063063063,0.0027894002449809,0.75,46
MSM_hi_prevalence,0.276061776061776,0.0148323447361393,0.75,46
MSMW_prevalence,0.0944594594594594,0.002612224264396,0.75,46
MSMW_hi_prevalence,0.4419713831478537,0.0133146205897203,0.75,46
WSM_prevalence,0.0437211948790896,0.0005049267921812,0.75,47
WSM_hi_prevalence,0.4796463129796462,0.0066754250996805,0.75,47
MSW_prevalence,0.0324495021337126,0.0003357737683358,0.75,47
MSW_hi_prevalence,0.3915959755375814,0.0051085199209316,0.75,47
MSM_prevalence,0.0793693693693693,0.0032951715361647,0.75,47
MSM_hi_prevalence,0.4061776061776062,0.016238672119009,0.75,47
MSMW_prevalence,0.0862162162162162,0.0030719928129058,0.75,47
MSMW_hi_prevalence,0.3696343402225756,0.0135109155103147,0.75,47
WSM_prevalence,0.0411493598862019,0.0004686680715744,0.75,49
WSM_hi_prevalence,0.4724099099099099,0.007322492945505,0.75,49
MSW_prevalence,0.0290697012802276,0.0003495830451881,0.75,49
MSW_hi_prevalence,0.3558234493486292,0.0066004346890046,0.75,49
MSM_prevalence,0.1014414414414414,0.0034357162992353,0.75,49
MSM_hi_prevalence,0.4967129291453616,0.0160322653563527,0.75,49
MSMW_prevalence,0.0806756756756757,0.0026292573238761,0.75,49
MSMW_hi_prevalence,0.4007455731593663,0.0119026058158856,0.75,49
WSM_prevalence,0.045325746799431,0.0005143811951587,0.75,52
WSM_hi_prevalence,0.5048068202430618,0.0074431092610069,0.75,52
MSW_prevalence,0.0327453769559032,0.0004347843506061,0.75,52
MSW_hi_prevalence,0.3798294939234536,0.007129012806683,0.75,52
MSM_prevalence,0.0956756756756756,0.003609354770076,0.75,52
MSM_hi_prevalence,0.421021021021021,0.0169385223725918,0.75,52
MSMW_prevalence,0.0689189189189189,0.0022016845783513,0.75,52
MSMW_hi_prevalence,0.3716216216216216,0.0139396261405627,0.75,52
WSM_prevalence,0.0398918918918918,0.0004464910461663,0.75,53
WSM_hi_prevalence,0.4622043918918919,0.0075166480521067,0.75,53
MSW_prevalence,0.0270327169274537,0.0003790895417981,0.75,53
MSW_hi_prevalence,0.3355263157894736,0.0065641131953886,0.75,53
MSM_prevalence,0.0967567567567567,0.003806476591129,0.75,53
MSM_hi_prevalence,0.3893041978148361,0.0169537520939153,0.75,53
MSMW_prevalence,0.0687837837837837,0.0018421716258268,0.75,53
MSMW_hi_prevalence,0.3235294117647059,0.0082970155335724,0.75,53
WSM_prevalence,0.0446714082503556,0.0004503655930652,0.75,56
WSM_hi_prevalence,0.5365199910654457,0.0074374538125643,0.75,56
MSW_prevalence,0.0291891891891891,0.000437349861626,0.75,56
MSW_hi_prevalence,0.3872613872613873,0.0074621174519259,0.75,56
MSM_prevalence,0.1203603603603603,0.0035485661966182,0.75,56
MSM_hi_prevalence,0.5068842427332994,0.0163182049974502,0.75,56
MSMW_prevalence,0.0931081081081081,0.0025946884367413,0.75,56
MSMW_hi_prevalence,0.4673060156931124,0.0141761461496786,0.75,56
WSM_prevalence,0.0395960170697012,0.0004491478758397,0.75,57
WSM_hi_prevalence,0.4663039663039662,0.0063696598041097,0.75,57
MSW_prevalence,0.0298492176386913,0.0004178903802264,0.75,57
MSW_hi_prevalence,0.3755961844197138,0.0092692470321737,0.75,57
MSM_prevalence,0.0925225225225225,0.0033840126524175,0.75,57
MSM_hi_prevalence,0.4186186186186186,0.0187574874337241,0.75,57
MSMW_prevalence,0.0743243243243243,0.0025199069451257,0.75,57
MSMW_hi_prevalence,0.336936936936937,0.0118228346456633,0.75,57
WSM_prevalence,0.0501678520625889,0.0005163181869961,0.75,59
WSM_hi_prevalence,0.5054873054873056,0.0088198103175765,0.75,59
MSW_prevalence,0.0345035561877667,0.0003793812194099,0.75,59
MSW_hi_prevalence,0.3932265598932265,0.0063323515198846,0.75,59
MSM_prevalence,0.1246846846846846,0.0037087391033513,0.75,59
MSM_hi_prevalence,0.4374713696747594,0.0140988905443887,0.75,59
MSMW_prevalence,0.096081081081081,0.002051652223066,0.75,59
MSMW_hi_prevalence,0.4045608108108108,0.0120451415908116,0.75,59
WSM_prevalence,0.0410298719772403,0.0005094358927646,0.75,60
WSM_hi_prevalence,0.4815258296270955,0.0065457763589827,0.75,60
MSW_prevalence,0.0296330014224751,0.0004371359583701,0.75,60
MSW_hi_prevalence,0.3673513513513513,0.0074680718007223,0.75,60
MSM_prevalence,0.0997297297297297,0.0030982638490803,0.75,60
MSM_hi_prevalence,0.4823284823284823,0.0151283107692612,0.75,60
MSMW_prevalence,0.0847297297297297,0.0030011631000207,0.75,60
MSMW_hi_prevalence,0.3898443898443899,0.0151361357091226,0.75,60
WSM_prevalence,0.0407567567567567,0.0005409662835529,0.75,61
WSM_hi_prevalence,0.4934003771213073,0.0076947879158261,0.75,61
MSW_prevalence,0.0281081081081081,0.0004469379661258,0.75,61
MSW_hi_prevalence,0.3439639639639639,0.0069434988399296,0.75,61
MSM_prevalence,0.0781981981981982,0.0030142432282109,0.75,61
MSM_hi_prevalence,0.3802639849151477,0.0154307992905726,0.75,61
MSMW_prevalence,0.087027027027027,0.0020997949587039,0.75,61
MSMW_hi_prevalence,0.3978978978978978,0.0100428016445551,0.75,61
WSM_prevalence,0.0427311522048364,0.0005043618803237,0.75,62
WSM_hi_prevalence,0.4803439803439803,0.0070051971123605,0.75,62
MSW_prevalence,0.0284950213371265,0.0004166209176524,0.75,62
MSW_hi_prevalence,0.3638397017707362,0.0068414773362986,0.75,62
MSM_prevalence,0.1291891891891891,0.002883586625816,0.75,62
MSM_hi_prevalence,0.478132678132678,0.0120362473604673,0.75,62
MSMW_prevalence,0.0962162162162162,0.0032731355179432,0.75,62
MSMW_hi_prevalence,0.3891891891891891,0.0147087764569871,0.75,62
WSM_prevalence,0.0420199146514936,0.0005172578846465,0.75,70
WSM_hi_prevalence,0.4821331398512608,0.0079202107860082,0.75,70
MSW_prevalence,0.0292574679943101,0.0002980069316855,0.75,70
MSW_hi_prevalence,0.3946368243243243,0.0067190775017244,0.75,70
MSM_prevalence,0.1259459459459459,0.0029627177752081,0.75,70
MSM_hi_prevalence,0.4964147821290678,0.0141915944073564,0.75,70
MSMW_prevalence,0.0809459459459459,0.0024571235978872,0.75,70
MSMW_hi_prevalence,0.3451737451737452,0.0120964428700223,0.75,70
WSM_prevalence,0.0398065433854907,0.0006187721296447,0.75,71
WSM_hi_prevalence,0.4537384099427896,0.0079674524789167,0.75,71
MSW_prevalence,0.0284665718349928,0.0005122596003068,0.75,71
MSW_hi_prevalence,0.3483921878082462,0.0070008062444851,0.75,71
MSM_prevalence,0.0772972972972973,0.0031713332609407,0.75,71
MSM_hi_prevalence,0.3963963963963964,0.0167614506201633,0.75,71
MSMW_prevalence,0.0704054054054054,0.0029086335861582,0.75,71
MSMW_hi_prevalence,0.3522833178005591,0.0153593926925538,0.75,71
WSM_prevalence,0.0468108108108108,0.0004368931336222,0.75,72
WSM_hi_prevalence,0.5024820739106454,0.0060119440386318,0.75,72
MSW_prevalence,0.0329729729729729,0.0004048035261623,0.75,72
MSW_hi_prevalence,0.3976833976833976,0.0075878126386686,0.75,72
MSM_prevalence,0.0900900900900901,0.0035829613990611,0.75,72
MSM_hi_prevalence,0.3929313929313929,0.0164030497277125,0.75,72
MSMW_prevalence,0.0818918918918919,0.0022120281970219,0.75,72
MSMW_hi_prevalence,0.4277726001863933,0.0135909554856957,0.75,72
WSM_prevalence,0.0406315789473684,0.000697950811147,0.75,77
WSM_hi_prevalence,0.4583487597186227,0.0090447568836936,0.75,77
MSW_prevalence,0.0290298719772403,0.0004970717768042,0.75,77
MSW_hi_prevalence,0.3632121329963056,0.0079614551011008,0.75,77
MSM_prevalence,0.0869369369369369,0.00283390260541,0.75,77
MSM_hi_prevalence,0.4263513513513513,0.0129225119709739,0.75,77
MSMW_prevalence,0.0697297297297297,0.0025699372658731,0.75,77
MSMW_hi_prevalence,0.367983367983368,0.0165651085471954,0.75,77
WSM_prevalence,0.0451152204836415,0.0005628161970369,0.75,79
WSM_hi_prevalence,0.476947535771065,0.0085679473511716,0.75,79
MSW_prevalence,0.0305206258890469,0.0004097979367481,0.75,79
MSW_hi_prevalence,0.3713917999632284,0.0076191801276803,0.75,79
MSM_prevalence,0.126036036036036,0.003402284453638,0.75,79
MSM_hi_prevalence,0.5233887733887734,0.0151095607140784,0.75,79
MSMW_prevalence,0.0825675675675675,0.0020005781974056,0.75,79
MSMW_hi_prevalence,0.4305019305019305,0.0111527220157252,0.75,79
WSM_prevalence,0.0459743954480796,0.0005727487672457,0.75,95
WSM_hi_prevalence,0.5016891891891891,0.0083408913102621,0.75,95
MSW_prevalence,0.0304694167852062,0.0004099734597564,0.75,95
MSW_hi_prevalence,0.4033550792171482,0.0066305845211857,0.75,95
MSM_prevalence,0.0854054054054054,0.0031276676337727,0.75,95
MSM_hi_prevalence,0.3971797884841363,0.0152245858211638,0.75,95
MSMW_prevalence,0.0783783783783783,0.003242304668996,0.75,95
MSMW_hi_prevalence,0.418452935694315,0.0173786685870743,0.75,95
WSM_prevalence,0.0486998577524893,0.0004908251449231,0.75,97
WSM_hi_prevalence,0.5200435334663522,0.0060018621068733,0.75,97
MSW_prevalence,0.0346002844950213,0.0003978276311858,0.75,97
MSW_hi_prevalence,0.3906135865595325,0.006831609156322,0.75,97
MSM_prevalence,0.1131531531531531,0.0030754768177887,0.75,97
MSM_hi_prevalence,0.4924324324324324,0.0134978888651012,0.75,97
MSMW_prevalence,0.1025675675675675,0.0024782963429691,0.75,97
MSMW_hi_prevalence,0.4061358655953251,0.0113997564263156,0.75,97
WSM_prevalence,0.0436415362731152,0.0005169622381306,0.75,99
WSM_hi_prevalence,0.4906156156156155,0.0065705584850431,0.75,99
MSW_prevalence,0.0320284495021337,0.0004357450915876,0.75,99
MSW_hi_prevalence,0.3735101561188518,0.0068293392673707,0.75,99
MSM_prevalence,0.0918018018018018,0.0033671819806876,0.75,99
MSM_hi_prevalence,0.4046546546546546,0.0189679124741113,0.75,99
MSMW_prevalence,0.0645945945945945,0.0025657888575739,0.75,99
MSMW_hi_prevalence,0.3581081081081081,0.0147426966465684,0.75,99
WSM_prevalence,0.0464580369843527,0.0004708963182102,0.95,1
WSM_hi_prevalence,0.5107055107055107,0.0065188859758939,0.95,1
MSW_prevalence,0.0324438122332859,0.0004084394795241,0.95,1
MSW_hi_prevalence,0.3902626030285605,0.0061357897204901,0.95,1
MSM_prevalence,0.0721621621621621,0.0038732336459104,0.95,1
MSM_hi_prevalence,0.3783783783783784,0.0202716888728425,0.95,1
MSMW_prevalence,0.0722972972972973,0.0024780916519638,0.95,1
MSMW_hi_prevalence,0.3382737576285963,0.0120297715988487,0.95,1
WSM_prevalence,0.0448534850640113,0.0004037825319877,0.95,4
WSM_hi_prevalence,0.4934258582907231,0.0074076110759905,0.95,4
MSW_prevalence,0.0325860597439544,0.0003750014192124,0.95,4
MSW_hi_prevalence,0.3859681599407627,0.0059359319431401,0.95,4
MSM_prevalence,0.0572072072072072,0.0034501877756985,0.95,4
MSM_hi_prevalence,0.2751212751212751,0.0200850682552868,0.95,4
MSMW_prevalence,0.0737837837837838,0.0027495932364021,0.95,4
MSMW_hi_prevalence,0.3609415867480384,0.0149912471682986,0.95,4
WSM_prevalence,0.0444495021337126,0.0005777700955898,0.95,6
WSM_hi_prevalence,0.4757776644569098,0.0075202719805256,0.95,6
MSW_prevalence,0.0313172119487908,0.0003972575670755,0.95,6
MSW_hi_prevalence,0.3978453978453978,0.0057723324262909,0.95,6
MSM_prevalence,0.0775675675675675,0.0036249990476651,0.95,6
MSM_hi_prevalence,0.3915453915453915,0.0213015532535045,0.95,6
MSMW_prevalence,0.0698648648648648,0.0019804457600883,0.95,6
MSMW_hi_prevalence,0.3702702702702704,0.0126411802881977,0.95,6
WSM_prevalence,0.0409900426742532,0.0003675385003634,0.95,7
WSM_hi_prevalence,0.4734033396453778,0.0051774539661247,0.95,7
MSW_prevalence,0.0297524893314367,0.000405107768703,0.95,7
MSW_hi_prevalence,0.3678209459459459,0.0084133308890901,0.95,7
MSM_prevalence,0.1085585585585585,0.0040631085628538,0.95,7
MSM_hi_prevalence,0.4261069580218516,0.0172246509062789,0.95,7
MSMW_prevalence,0.0716216216216216,0.001995246359491,0.95,7
MSMW_hi_prevalence,0.3973973973973974,0.0106093514151382,0.95,7
WSM_prevalence,0.0394708392603129,0.0004996648404849,0.95,10
WSM_hi_prevalence,0.4678934253402338,0.0080145193442407,0.95,10
MSW_prevalence,0.0286714082503556,0.0004305733957762,0.95,10
MSW_hi_prevalence,0.3533834586466165,0.0067577540624665,0.95,10
MSM_prevalence,0.0769369369369369,0.0034739566319957,0.95,10
MSM_hi_prevalence,0.3689503456945318,0.0164976437626824,0.95,10
MSMW_prevalence,0.0667567567567567,0.0028881567751189,0.95,10
MSMW_hi_prevalence,0.3217088055797733,0.0175658788530798,0.95,10
WSM_prevalence,0.0470782361308677,0.0005633767686912,0.95,13
WSM_hi_prevalence,0.5183958151700088,0.006960534840876,0.95,13
MSW_prevalence,0.0325689900426742,0.0004177095721994,0.95,13
MSW_hi_prevalence,0.3807581166071732,0.0075729166009486,0.95,13
MSM_prevalence,0.068018018018018,0.0031412617182973,0.95,13
MSM_hi_prevalence,0.3769174579985391,0.0173654012046646,0.95,13
MSMW_prevalence,0.089054054054054,0.0027182361425464,0.95,13
MSMW_hi_prevalence,0.4093799682034976,0.0147886022918662,0.95,13
WSM_prevalence,0.0467254623044096,0.0005675309250738,0.95,17
WSM_hi_prevalence,0.4768899334116725,0.0080789781838894,0.95,17
MSW_prevalence,0.0300711237553342,0.000421251218659,0.95,17
MSW_hi_prevalence,0.3809605784128077,0.0060548442655146,0.95,17
MSM_prevalence,0.1269369369369369,0.002600590197567,0.95,17
MSM_hi_prevalence,0.4995173745173744,0.0119946431315049,0.95,17
MSMW_prevalence,0.0755405405405405,0.0027927927927927,0.95,17
MSMW_hi_prevalence,0.3433162892622352,0.014768629349034,0.95,17
WSM_prevalence,0.041524893314367,0.0005533686162903,0.95,18
WSM_hi_prevalence,0.4938394276629571,0.0069820888242504,0.95,18
MSW_prevalence,0.0301166429587482,0.0004347347063549,0.95,18
MSW_hi_prevalence,0.3578378378378378,0.0073726946835717,0.95,18
MSM_prevalence,0.1186486486486486,0.0042613554347334,0.95,18
MSM_hi_prevalence,0.4914914914914915,0.0191553630449354,0.95,18
MSMW_prevalence,0.067027027027027,0.0024846334000939,0.95,18
MSMW_hi_prevalence,0.3523523523523523,0.0150261331320623,0.95,18
WSM_prevalence,0.0500369843527738,0.0005646571231686,0.95,19
WSM_hi_prevalence,0.514881970578173,0.0064057032782948,0.95,19
MSW_prevalence,0.03425320056899,0.0004165129752625,0.95,19
MSW_hi_prevalence,0.4170927684441198,0.0075003201117195,0.95,19
MSM_prevalence,0.1138738738738738,0.0036658783243738,0.95,19
MSM_hi_prevalence,0.5157657657657658,0.0155367545909915,0.95,19
MSMW_prevalence,0.0779729729729729,0.00258096709023,0.95,19
MSMW_hi_prevalence,0.3303303303303304,0.0111747315123954,0.95,19
WSM_prevalence,0.0406315789473684,0.0005496638838716,0.95,20
WSM_hi_prevalence,0.4627244694358787,0.0081741614009792,0.95,20
MSW_prevalence,0.0286486486486486,0.0004481095120272,0.95,20
MSW_hi_prevalence,0.3674837628326001,0.0082507063255532,0.95,20
MSM_prevalence,0.0983783783783783,0.0034865239914902,0.95,20
MSM_hi_prevalence,0.4770584538026399,0.0157022098659557,0.95,20
MSMW_prevalence,0.0595945945945945,0.0024990867579603,0.95,20
MSMW_hi_prevalence,0.3232432432432432,0.0148973164746626,0.95,20
WSM_prevalence,0.0396187766714082,0.0005940506139113,0.95,22
WSM_hi_prevalence,0.4580475998386446,0.0077612250130792,0.95,22
MSW_prevalence,0.0271522048364153,0.0004627299836913,0.95,22
MSW_hi_prevalence,0.3397119747484711,0.0063598010393151,0.95,22
MSM_prevalence,0.081081081081081,0.0043092308329065,0.95,22
MSM_hi_prevalence,0.366554054054054,0.0188539732654281,0.95,22
MSMW_prevalence,0.0724324324324324,0.0032801021143695,0.95,22
MSMW_hi_prevalence,0.3169533169533169,0.0162107920713115,0.95,22
WSM_prevalence,0.0392716927453769,0.0004873923669704,0.95,24
WSM_hi_prevalence,0.4997586872586873,0.007448407022335,0.95,24
MSW_prevalence,0.0267197724039829,0.0004163942063143,0.95,24
MSW_hi_prevalence,0.3673986486486486,0.0075347497768937,0.95,24
MSM_prevalence,0.0766666666666666,0.003208368270678,0.95,24
MSM_hi_prevalence,0.4382761139517896,0.0176221155322349,0.95,24
MSMW_prevalence,0.0716216216216216,0.0027743871848172,0.95,24
MSMW_hi_prevalence,0.3073359073359073,0.0137570745601676,0.95,24
WSM_prevalence,0.0387311522048364,0.0005116324800059,0.95,26
WSM_hi_prevalence,0.4440473531382622,0.0067604220885724,0.95,26
MSW_prevalence,0.0258150782361308,0.0004660877881706,0.95,26
MSW_hi_prevalence,0.3490011750881316,0.0064917702862106,0.95,26
MSM_prevalence,0.0931531531531531,0.0033779445834275,0.95,26
MSM_hi_prevalence,0.4968814968814969,0.0183568894137988,0.95,26
MSMW_prevalence,0.0479729729729729,0.0022382447295143,0.95,26
MSMW_hi_prevalence,0.2713513513513513,0.0151972128893402,0.95,26
WSM_prevalence,0.0416955903271692,0.0005740019505093,0.95,27
WSM_hi_prevalence,0.4694069069069069,0.0073075108470562,0.95,27
MSW_prevalence,0.0291550497866287,0.0004192804193898,0.95,27
MSW_hi_prevalence,0.4009009009009009,0.0088301166981957,0.95,27
MSM_prevalence,0.10009009009009,0.0043100678408699,0.95,27
MSM_hi_prevalence,0.4378378378378378,0.0180719912333258,0.95,27
MSMW_prevalence,0.0755405405405405,0.0027316393879202,0.95,27
MSMW_hi_prevalence,0.385834109972041,0.0151665430242114,0.95,27
WSM_prevalence,0.0464921763869132,0.000565861479483,0.95,28
WSM_hi_prevalence,0.5310995927434284,0.0076627997170748,0.95,28
MSW_prevalence,0.0325860597439544,0.0003994068735314,0.95,28
MSW_hi_prevalence,0.3830161522469214,0.0057259318351033,0.95,28
MSM_prevalence,0.0381081081081081,0.0032587771690691,0.95,28
MSM_hi_prevalence,0.2039312039312039,0.0215445478099359,0.95,28
MSMW_prevalence,0.0783783783783783,0.0027743871848172,0.95,28
MSMW_hi_prevalence,0.3759213759213758,0.0144509749034846,0.95,28
WSM_prevalence,0.0428563300142247,0.000520597386944,0.95,29
WSM_hi_prevalence,0.5081478537360891,0.0076174799997305,0.95,29
MSW_prevalence,0.0313911806543385,0.0004200069030698,0.95,29
MSW_hi_prevalence,0.3826781326781327,0.0072835966331206,0.95,29
MSM_prevalence,0.0951351351351351,0.0034358475361306,0.95,29
MSM_hi_prevalence,0.4462924462924462,0.0164602861269714,0.95,29
MSMW_prevalence,0.0647297297297297,0.0025331580809013,0.95,29
MSMW_hi_prevalence,0.3416988416988417,0.0143512907002343,0.95,29
WSM_prevalence,0.0474139402560455,0.0004172528987817,0.95,30
WSM_hi_prevalence,0.5240893066980024,0.0060487841153667,0.95,30
MSW_prevalence,0.0317268847795163,0.0003359424591897,0.95,30
MSW_hi_prevalence,0.3977089672453911,0.0056335882747391,0.95,30
MSM_prevalence,0.0927927927927928,0.0034405032026598,0.95,30
MSM_hi_prevalence,0.4462334675100632,0.0145273492976779,0.95,30
MSMW_prevalence,0.0779729729729729,0.0022797866472296,0.95,30
MSMW_hi_prevalence,0.3656597774244833,0.0124084467132677,0.95,30
WSM_prevalence,0.0440056899004267,0.0005307219695423,0.95,31
WSM_hi_prevalence,0.5241051862673485,0.0065378284033312,0.95,31
MSW_prevalence,0.0325177809388335,0.000421810176324,0.95,31
MSW_hi_prevalence,0.3763763763763764,0.0059581856969467,0.95,31
MSM_prevalence,0.0985585585585585,0.0036247502659032,0.95,31
MSM_hi_prevalence,0.4329840044125758,0.0168151572840857,0.95,31
MSMW_prevalence,0.066081081081081,0.0024821822649362,0.95,31
MSMW_hi_prevalence,0.3383038210624418,0.0145046505497716,0.95,31
WSM_prevalence,0.0462702702702702,0.0004639256202426,0.95,34
WSM_hi_prevalence,0.5037837837837839,0.0063147376784775,0.95,34
MSW_prevalence,0.0305775248933143,0.0003785577792413,0.95,34
MSW_hi_prevalence,0.4210304054054054,0.0076571918744139,0.95,34
MSM_prevalence,0.0693693693693693,0.0034120775054992,0.95,34
MSM_hi_prevalence,0.3492176386913229,0.0211612263769538,0.95,34
MSMW_prevalence,0.0706756756756756,0.0025715158515661,0.95,34
MSMW_hi_prevalence,0.3357903357903358,0.0116465896847947,0.95,34
WSM_prevalence,0.0411778093883357,0.0005536123344775,0.95,39
WSM_hi_prevalence,0.4860800650274335,0.0073140181108578,0.95,39
MSW_prevalence,0.0290184921763869,0.000458397124594,0.95,39
MSW_hi_prevalence,0.3657657657657657,0.006950372519495,0.95,39
MSM_prevalence,0.1115315315315315,0.0037381658328254,0.95,39
MSM_hi_prevalence,0.4391891891891892,0.0178402058948262,0.95,39
MSMW_prevalence,0.0741891891891892,0.0028110778921389,0.95,39
MSMW_hi_prevalence,0.3212355212355213,0.0136227733563956,0.95,39
WSM_prevalence,0.0408534850640113,0.0006013494703239,0.95,40
WSM_hi_prevalence,0.4710988360623396,0.0068269314753708,0.95,40
MSW_prevalence,0.0282162162162162,0.0004375225532964,0.95,40
MSW_hi_prevalence,0.3589645984012181,0.0064603658695738,0.95,40
MSM_prevalence,0.0959459459459459,0.0034030132850662,0.95,40
MSM_hi_prevalence,0.3737006237006237,0.0158871447990187,0.95,40
MSMW_prevalence,0.0716216216216216,0.002841232061387,0.95,40
MSMW_hi_prevalence,0.2958748221906116,0.0117336234382686,0.95,40
WSM_prevalence,0.0466628733997155,0.0005431611915497,0.95,44
WSM_hi_prevalence,0.5008662508662509,0.0085114259976617,0.95,44
MSW_prevalence,0.0330071123755334,0.0003813365436298,0.95,44
MSW_hi_prevalence,0.3992792792792793,0.0055512522900308,0.95,44
MSM_prevalence,0.0947747747747747,0.0028984035408182,0.95,44
MSM_hi_prevalence,0.4127764127764128,0.0138270831579735,0.95,44
MSMW_prevalence,0.0706756756756756,0.0026434956308326,0.95,44
MSMW_hi_prevalence,0.4137214137214137,0.0137731163647621,0.95,44
WSM_prevalence,0.0445803698435277,0.000584881603552,0.95,47
WSM_hi_prevalence,0.4876543209876542,0.0084635007165416,0.95,47
MSW_prevalence,0.0322446657183499,0.0004955787498033,0.95,47
MSW_hi_prevalence,0.3750246596961925,0.0080565072115692,0.95,47
MSM_prevalence,0.054054054054054,0.0029711524137251,0.95,47
MSM_hi_prevalence,0.271042471042471,0.0162946764844441,0.95,47
MSMW_prevalence,0.08,0.0027942454809496,0.95,47
MSMW_hi_prevalence,0.3704292527821939,0.0144815722543081,0.95,47
WSM_prevalence,0.0425092460881934,0.0005842539324568,0.95,49
WSM_hi_prevalence,0.487424924924925,0.0071945586878383,0.95,49
MSW_prevalence,0.0306002844950213,0.00042866643921,0.95,49
MSW_hi_prevalence,0.3634065720396655,0.0061178816731682,0.95,49
MSM_prevalence,0.0921621621621621,0.0024378022513636,0.95,49
MSM_hi_prevalence,0.4638422205989773,0.0135949785976563,0.95,49
MSMW_prevalence,0.0685135135135135,0.0026836792965999,0.95,49
MSMW_hi_prevalence,0.3560111835973905,0.0149421735120425,0.95,49
WSM_prevalence,0.0455078236130867,0.0004977895129225,0.95,50
WSM_hi_prevalence,0.512346879253354,0.0069365067039735,0.95,50
MSW_prevalence,0.0303442389758179,0.0003867969962732,0.95,50
MSW_hi_prevalence,0.3963276253352589,0.0071810622174363,0.95,50
MSM_prevalence,0.0922522522522522,0.0031824040068524,0.95,50
MSM_hi_prevalence,0.4318318318318318,0.0151498781545392,0.95,50
MSMW_prevalence,0.0897297297297297,0.0031714398944291,0.95,50
MSMW_hi_prevalence,0.3574324324324324,0.0127734675121164,0.95,50
WSM_prevalence,0.046628733997155,0.0004693085305101,0.95,51
WSM_hi_prevalence,0.5328761597418313,0.0082930701117967,0.95,51
MSW_prevalence,0.0326714082503556,0.0004443407874973,0.95,51
MSW_hi_prevalence,0.4190190190190191,0.0065675634227925,0.95,51
MSM_prevalence,0.0904504504504504,0.0023822351718046,0.95,51
MSM_hi_prevalence,0.4608454608454608,0.0154079058864886,0.95,51
MSMW_prevalence,0.0768918918918919,0.0025655911470086,0.95,51
MSMW_hi_prevalence,0.3685503685503685,0.0143578419790387,0.95,51
WSM_prevalence,0.0464182076813655,0.0005990029744012,0.95,55
WSM_hi_prevalence,0.5023423423423423,0.0082915517794917,0.95,55
MSW_prevalence,0.031425320056899,0.0004526362579215,0.95,55
MSW_hi_prevalence,0.3903705029532843,0.0063636225114945,0.95,55
MSM_prevalence,0.1218018018018018,0.0036017888323307,0.95,55
MSM_hi_prevalence,0.5286750164798947,0.0169079398841666,0.95,55
MSMW_prevalence,0.0806756756756756,0.0023423423423423,0.95,55
MSMW_hi_prevalence,0.3426640926640926,0.014076346753042,0.95,55
WSM_prevalence,0.0433513513513513,0.000506001408557,0.95,57
WSM_hi_prevalence,0.4912249912249912,0.0052792859120994,0.95,57
MSW_prevalence,0.0322788051209103,0.0004861933997542,0.95,57
MSW_hi_prevalence,0.3797694753577106,0.008140040889934,0.95,57
MSM_prevalence,0.1002702702702702,0.0031727547461134,0.95,57
MSM_hi_prevalence,0.4594594594594595,0.0142029308512816,0.95,57
MSMW_prevalence,0.0718918918918918,0.0020627483138478,0.95,57
MSMW_hi_prevalence,0.3810810810810812,0.0122222591140953,0.95,57
WSM_prevalence,0.043180654338549,0.0004307237502364,0.95,58
WSM_hi_prevalence,0.4660472972972972,0.0067444285053042,0.95,58
MSW_prevalence,0.0297467994310099,0.0003664504969752,0.95,58
MSW_hi_prevalence,0.3617312965139053,0.0049548216354477,0.95,58
MSM_prevalence,0.0913513513513513,0.0032534457477508,0.95,58
MSM_hi_prevalence,0.4324324324324325,0.0170995825545875,0.95,58
MSMW_prevalence,0.076081081081081,0.0028615128557095,0.95,58
MSMW_hi_prevalence,0.4104104104104104,0.0150094528681247,0.95,58
WSM_prevalence,0.0410469416785206,0.0005532532189123,0.95,60
WSM_hi_prevalence,0.4620253164556962,0.0091402257296756,0.95,60
MSW_prevalence,0.0294395448079658,0.0004572342366315,0.95,60
MSW_hi_prevalence,0.3587027027027027,0.0086048440217086,0.95,60
MSM_prevalence,0.0829729729729729,0.0031154618435948,0.95,60
MSM_hi_prevalence,0.4400554400554401,0.0190214348599049,0.95,60
MSMW_prevalence,0.0785135135135135,0.0028728358146699,0.95,60
MSMW_hi_prevalence,0.348075348075348,0.0133169857769708,0.95,60
WSM_prevalence,0.0420369843527738,0.0005737183027502,0.95,61
WSM_hi_prevalence,0.493819400796145,0.008720716139172,0.95,61
MSW_prevalence,0.0284608819345661,0.0004223023840709,0.95,61
MSW_hi_prevalence,0.3572972972972973,0.0063090227239799,0.95,61
MSM_prevalence,0.0736036036036036,0.0039566772593394,0.95,61
MSM_hi_prevalence,0.3557510999371465,0.022308829892914,0.95,61
MSMW_prevalence,0.0767567567567567,0.0022695283357947,0.95,61
MSMW_hi_prevalence,0.3430930930930931,0.0113001220269025,0.95,61
WSM_prevalence,0.0420369843527738,0.0005265404327953,0.95,63
WSM_hi_prevalence,0.4373464373464373,0.0080487024381671,0.95,63
MSW_prevalence,0.0283641536273115,0.0004033457644768,0.95,63
MSW_hi_prevalence,0.3591318591318592,0.0073532916195225,0.95,63
MSM_prevalence,0.0519819819819819,0.0044359142228688,0.95,63
MSM_hi_prevalence,0.2615047479912344,0.0238138237581989,0.95,63
MSMW_prevalence,0.0643243243243243,0.0025860720890824,0.95,63
MSMW_hi_prevalence,0.3271202236719479,0.0153876413184908,0.95,63
WSM_prevalence,0.0389302987197724,0.0005460427210232,0.95,64
WSM_hi_prevalence,0.4465724002147844,0.0068548075222752,0.95,64
MSW_prevalence,0.0281650071123755,0.0003758876824815,0.95,64
MSW_hi_prevalence,0.3571725571725572,0.0077299870688986,0.95,64
MSM_prevalence,0.0489189189189189,0.0034077138105062,0.95,64
MSM_hi_prevalence,0.2425997425997426,0.017622338195265,0.95,64
MSMW_prevalence,0.0558108108108108,0.0024850416875669,0.95,64
MSMW_hi_prevalence,0.2962577962577963,0.0139700242554535,0.95,64
WSM_prevalence,0.0443470839260312,0.0006055550023076,0.95,65
WSM_hi_prevalence,0.4796824796824797,0.0078836970898999,0.95,65
MSW_prevalence,0.0292972972972972,0.0004374485509283,0.95,65
MSW_hi_prevalence,0.3825212073387256,0.0078355599900729,0.95,65
MSM_prevalence,0.0391891891891891,0.003024770954869,0.95,65
MSM_hi_prevalence,0.2657657657657657,0.0241833236746888,0.95,65
MSMW_prevalence,0.0699999999999999,0.0027672473069203,0.95,65
MSMW_hi_prevalence,0.3893893893893893,0.0175548167340219,0.95,65
WSM_prevalence,0.0412062588904694,0.0004199961971018,0.95,69
WSM_hi_prevalence,0.4741363880436728,0.0057522327649762,0.95,69
MSW_prevalence,0.0306799431009957,0.0003334355011651,0.95,69
MSW_hi_prevalence,0.3604928457869634,0.0056302409541271,0.95,69
MSM_prevalence,0.0855855855855856,0.0034611482364501,0.95,69
MSM_hi_prevalence,0.4407484407484407,0.019516443830339,0.95,69
MSMW_prevalence,0.07,0.0025703320031868,0.95,69
MSMW_hi_prevalence,0.363963963963964,0.0129408176735226,0.95,69
WSM_prevalence,0.0398463726884779,0.0003907755420583,0.95,71
WSM_hi_prevalence,0.4616295127244033,0.0055382356895242,0.95,71
MSW_prevalence,0.0281991465149359,0.0003948666091696,0.95,71
MSW_hi_prevalence,0.3625961728151509,0.0073159869404457,0.95,71
MSM_prevalence,0.099009009009009,0.0031923772260549,0.95,71
MSM_hi_prevalence,0.4636174636174636,0.0175605761792534,0.95,71
MSMW_prevalence,0.0602702702702702,0.0028405178250606,0.95,71
MSMW_hi_prevalence,0.2851817334575955,0.0118497863453001,0.95,71
WSM_prevalence,0.043931721194879,0.0005591499371777,0.95,72
WSM_hi_prevalence,0.4822577679720536,0.0075289269733094,0.95,72
MSW_prevalence,0.0305206258890469,0.0004111759650004,0.95,72
MSW_hi_prevalence,0.3827909542195256,0.0074912930428045,0.95,72
MSM_prevalence,0.1019819819819819,0.0040711462623623,0.95,72
MSM_hi_prevalence,0.4002079002079002,0.0156989896682495,0.95,72
MSMW_prevalence,0.0789189189189189,0.0028152252237837,0.95,72
MSMW_hi_prevalence,0.391425908667288,0.0149518584046087,0.95,72
WSM_prevalence,0.0474423897581792,0.0006838501301857,0.95,73
WSM_hi_prevalence,0.5219258994093431,0.0076978255305816,0.95,73
MSW_prevalence,0.0351180654338549,0.0004792856964172,0.95,73
MSW_hi_prevalence,0.4200671259494788,0.0058286152583234,0.95,73
MSM_prevalence,0.0908108108108108,0.0029295060042355,0.95,73
MSM_hi_prevalence,0.4136310223266744,0.0140826848580574,0.95,73
MSMW_prevalence,0.0727027027027027,0.0026036659489402,0.95,73
MSMW_hi_prevalence,0.3492723492723493,0.0141684326405134,0.95,73
WSM_prevalence,0.0408421052631579,0.0004812368747819,0.95,74
WSM_hi_prevalence,0.4649715504978662,0.0061872387134866,0.95,74
MSW_prevalence,0.0297695590327169,0.0004501159198009,0.95,74
MSW_hi_prevalence,0.3949933540097474,0.0075351985053753,0.95,74
MSM_prevalence,0.0989189189189189,0.0027492652400707,0.95,74
MSM_hi_prevalence,0.462397179788484,0.0138069382937834,0.95,74
MSMW_prevalence,0.0556756756756756,0.0023820695490303,0.95,74
MSMW_hi_prevalence,0.3196239717978848,0.0172812991918964,0.95,74
WSM_prevalence,0.038827880512091,0.0005400478567903,0.95,88
WSM_hi_prevalence,0.475075075075075,0.007782527968603,0.95,88
MSW_prevalence,0.0276301564722617,0.0004183893488564,0.95,88
MSW_hi_prevalence,0.3468468468468468,0.0061271884775309,0.95,88
MSM_prevalence,0.0752252252252252,0.0031573688392387,0.95,88
MSM_hi_prevalence,0.366877515813686,0.0164354618441449,0.95,88
MSMW_prevalence,0.0547297297297297,0.0018977814804451,0.95,88
MSMW_hi_prevalence,0.281081081081081,0.0139054280227565,0.95,88
WSM_prevalence,0.0420597439544807,0.0005884395145553,0.95,90
WSM_hi_prevalence,0.4683544303797468,0.0073123450927922,0.95,90
MSW_prevalence,0.0301280227596017,0.000519076739745,0.95,90
MSW_hi_prevalence,0.3768001578220556,0.0070616919885099,0.95,90
MSM_prevalence,0.0927027027027027,0.0038573103072958,0.95,90
MSM_hi_prevalence,0.4242068155111633,0.0185823550816852,0.95,90
MSMW_prevalence,0.0566216216216216,0.0018283516885227,0.95,90
MSMW_hi_prevalence,0.3866039952996475,0.0132425707045648,0.95,90
WSM_prevalence,0.038475106685633,0.000430308059154,0.95,94
WSM_hi_prevalence,0.4652509652509652,0.0076473329232055,0.95,94
MSW_prevalence,0.0259288762446657,0.0003860522780135,0.95,94
MSW_hi_prevalence,0.3466420966420966,0.0077855949383085,0.95,94
MSM_prevalence,0.1031531531531531,0.0032853045000563,0.95,94
MSM_hi_prevalence,0.445045045045045,0.0154873974281903,0.95,94
MSMW_prevalence,0.0594594594594594,0.0019353649602649,0.95,94
MSMW_hi_prevalence,0.3534303534303534,0.0132329566555289,0.95,94
WSM_prevalence,0.0440796586059743,0.0004239156142773,0.95,98
WSM_hi_prevalence,0.5008067769261799,0.0074108717525862,0.95,98
MSW_prevalence,0.0298036984352773,0.0003783938268319,0.95,98
MSW_hi_prevalence,0.3691496374423204,0.0071728045461995,0.95,98
MSM_prevalence,0.069009009009009,0.0034823183305622,0.95,98
MSM_hi_prevalence,0.3221329437545653,0.0183610629213779,0.95,98
MSMW_prevalence,0.0704054054054054,0.0029534576518532,0.95,98
MSMW_hi_prevalence,0.3861003861003861,0.017164708710874,0.95,98
WSM_prevalence,0.0442788051209103,0.0006209555985551,0.95,99
WSM_hi_prevalence,0.4906156156156155,0.0056842486579078,0.95,99
MSW_prevalence,0.0313911806543385,0.0004949250427279,0.95,99
MSW_hi_prevalence,0.3842538190364277,0.0063502703774979,0.95,99
MSM_prevalence,0.0809009009009008,0.0039991837852774,0.95,99
MSM_hi_prevalence,0.4084084084084084,0.0224201041361962,0.95,99
MSMW_prevalence,0.0582432432432432,0.0028356920244211,0.95,99
MSMW_hi_prevalence,0.2992277992277992,0.017081578826813,0.95,99
